"","UMAP_1","UMAP_2"
"AZ_A10",-8.54138275911586,11.4501896844935
"AZ_A11",-1.34775420954005,-1.57233842744115
"AZ_A12",-8.13146397402065,11.4437533365321
"AZ_A2",-11.8428859405734,2.64270720349071
"AZ_A5",8.59601834485753,1.8658426748347
"AZ_A6",-2.21217247774379,-3.16085627211812
"AZ_A8",1.20638257334454,8.57253942356822
"AZ_B1",-8.55714794924037,11.4936381326747
"AZ_B10",-8.3578900985934,11.4131680475306
"AZ_B12",-1.0824949436404,-1.4087588144708
"AZ_B2",-0.893270462057755,-1.33055035306695
"AZ_B3",-0.936389415762589,-1.24372573478701
"AZ_B5",-0.895070760748551,-1.58258753551724
"AZ_B9",-1.11983153154628,-1.46062957777265
"AZ_C1",-0.968001096747086,-1.35877255632165
"AZ_C10",1.52430823887213,8.4886818872523
"AZ_C11",-8.25229260256068,11.3779116617274
"AZ_C2",-1.00064298441188,-1.34820550216916
"AZ_C3",10.4402027435087,0.645388578040572
"AZ_C4",1.79884488949998,8.40825185642955
"AZ_C5",-0.955321996710465,-1.27073707713368
"AZ_C8",-1.08089277078883,-1.3713167859483
"AZ_C9",8.03812745282872,1.1119216428828
"AZ_D12",-11.746605842612,3.06094941960094
"AZ_D2",1.60557632962687,8.42981347904918
"AZ_D3",-1.04475781252162,-1.30588668121579
"AZ_D4",-0.980083673498795,-1.31743186994079
"AZ_D5",-8.36930939485805,11.3691779123378
"AZ_D6",1.4098090983413,8.42846689091441
"AZ_D7",-1.15915128519313,-1.46135228409055
"AZ_D8",-12.0415315323092,2.52071676121471
"AZ_D9",-0.979545085928605,-1.34648862017873
"AZ_E12",-2.33068725397365,-2.77691855563405
"AZ_E2",-0.922159402868912,-1.4010707242656
"AZ_E4",-0.623681276343033,-4.10999407901051
"AZ_E5",-0.929413526556656,-1.55083384646657
"AZ_E7",2.67945161531193,9.02225980625865
"AZ_E8",-1.04081150820033,-1.34404713942292
"AZ_E9",-0.958412378332779,-1.36281562878373
"AZ_F1",1.76379996607526,8.33806047306773
"AZ_F2",1.55977030680029,8.51385793553111
"AZ_F4",-0.959309547445939,-1.3768370999265
"AZ_F8",-0.914355009100602,-1.19251997352201
"AZ_F9",8.0098004646085,1.51378712521312
"AZ_G1",-1.01668140222804,-1.31658353938344
"AZ_G10",-1.31157681276576,-1.63475948108914
"AZ_G2",1.10953939030392,8.62852868901012
"AZ_G3",-1.56198546221034,-1.69830628766301
"AZ_G4",-1.12401696970241,-1.4011266334224
"AZ_G5",-11.8176431350924,2.91501865254161
"AZ_H1",-7.83350941469447,10.813291643722
"AZ_H11",1.16012662718518,8.57376775608775
"AZ_H12",-11.8726358108737,3.51399812565562
"AZ_H2",1.08541095326169,8.70015630589244
"AZ_H3",-12.0392875366427,3.42642507420299
"AZ_H4",12.7030239410184,-9.95601549281361
"AZ_H5",-11.8425588302829,3.23076925144908
"AZ_H6",0.688792378403976,8.7351418481898
"AZ_H9",-1.17862865259425,-1.43569853438619
"HP1502401_A10",1.3748113221906,9.30881700382945
"HP1502401_A12",-0.505337207815812,-4.33151950968984
"HP1502401_A15",-1.09840390016811,-4.21085086001637
"HP1502401_A17",-2.68397948076503,-5.90668525828603
"HP1502401_A18",-8.03979298403041,11.9017172800135
"HP1502401_A2",-8.4015102081515,11.8257580743861
"HP1502401_A24",-7.8957433395602,11.6731787668299
"HP1502401_A4",-1.0572845630862,-4.83585944308522
"HP1502401_A6",1.87585541675313,8.69602022038219
"HP1502401_A7",2.801830322244,7.48122606144664
"HP1502401_B1",2.19747957656605,8.92871866093394
"HP1502401_B10",2.94073513219579,-10.7447451604772
"HP1502401_B11",-12.5217961960055,2.81205854283092
"HP1502401_B14",2.38945600459798,9.01954183445689
"HP1502401_B15",-12.1850661926486,2.1485472665858
"HP1502401_B16",-1.40947028925197,-4.2788425935674
"HP1502401_B18",-11.8827228241183,3.24193200932262
"HP1502401_B20",-1.91285511781947,-3.81988539828542
"HP1502401_B21",2.48167958924992,9.22748193608043
"HP1502401_B23",2.28991290996297,8.93666276798961
"HP1502401_B24",2.13020786712392,9.15524587498424
"HP1502401_B5",0.274374515511825,-4.96029200686696
"HP1502401_B7",2.00840386817677,9.36316690312144
"HP1502401_B8",-7.97762200166957,11.7346945749354
"HP1502401_C10",2.21561709115727,8.7444773660731
"HP1502401_C12",9.74239161679967,1.84719166622874
"HP1502401_C14",-1.04024192621486,-4.42074456347707
"HP1502401_C16",-1.08575841715114,-4.73855056895497
"HP1502401_C18",2.20400974223836,8.84841546879527
"HP1502401_C20",-7.79700753023402,11.5754500375819
"HP1502401_C21",1.72716291318162,8.80677709446666
"HP1502401_C4",-1.03003117372768,-6.04023208750966
"HP1502401_C5",-7.63123986055629,12.1276474939418
"HP1502401_C6",2.23965045879109,8.78425702915904
"HP1502401_C7",2.27720204065068,9.06663331852672
"HP1502401_C8",-8.27182003786342,11.961545084579
"HP1502401_D12",-8.29447361757533,11.7671147333216
"HP1502401_D13",2.11783626744969,8.71550378666637
"HP1502401_D16",-0.619240491888688,-4.07148661746266
"HP1502401_D17",-7.76105686952846,11.3797408090663
"HP1502401_D18",10.6370477981351,1.64318213330028
"HP1502401_D20",-1.24935004045741,-3.98262157572987
"HP1502401_D22",2.3206331438802,9.12373552189586
"HP1502401_D24",-2.40338894655483,-4.5309771551061
"HP1502401_D3",2.47652998635991,8.87198648319957
"HP1502401_D4",8.00465586850865,2.00685605870006
"HP1502401_D5",-0.908663957617447,-4.58605232371571
"HP1502401_D6",2.38234785268529,8.60473260746715
"HP1502401_D7",1.72311084041817,9.26968297825572
"HP1502401_D8",-1.03214785387294,-2.12265499963048
"HP1502401_E10",2.43928507039769,9.6382409082484
"HP1502401_E11",-0.634841888449357,-4.73066105975392
"HP1502401_E16",-0.51896712114589,-3.95905223025563
"HP1502401_E17",2.47766044805272,8.07927045689342
"HP1502401_E19",2.33162435958607,9.01320943699596
"HP1502401_E21",-0.489369600317643,-4.66211381091359
"HP1502401_E3",-7.72568222811,11.5304070459437
"HP1502401_E5",-12.1690387420871,2.49520859585521
"HP1502401_E6",0.34315982530339,-4.82388367785695
"HP1502401_E7",-12.516902893088,2.49030170307872
"HP1502401_E9",-7.92740341951625,12.0274697290492
"HP1502401_F10",-1.94393703272121,-4.65088501109364
"HP1502401_F11",-7.79041477968471,11.7857161508631
"HP1502401_F12",-0.884191482565567,-4.7172221197057
"HP1502401_F15",-11.9612636261203,2.68250117169139
"HP1502401_F16",1.01755490968449,9.20135412083385
"HP1502401_F17",-12.4263038330294,2.8637367235255
"HP1502401_F18",-11.8861407928683,2.96033201084849
"HP1502401_F19",-0.0346638851381993,-4.59245910777333
"HP1502401_F20",0.283830434777572,-4.6700288309026
"HP1502401_F21",2.83071604440434,9.02496347294566
"HP1502401_F22",0.9289049811147,9.09947309361217
"HP1502401_F23",-0.645105331442521,-4.87402858866933
"HP1502401_F24",1.50622918898685,8.95418176518199
"HP1502401_F4",-0.990164249441788,-4.72730794085744
"HP1502401_F9",2.55381807754262,7.86617002354381
"HP1502401_G10",2.91396561334355,-10.7236193670202
"HP1502401_G11",-12.1905879669406,2.64607367382762
"HP1502401_G12",-12.3876180343844,3.41348562107799
"HP1502401_G14",2.51915565202458,9.19926175938365
"HP1502401_G20",-8.9383172683932,11.6428385721278
"HP1502401_G22",2.43305495450719,9.14520749912974
"HP1502401_G23",10.5671434707425,1.35169134007213
"HP1502401_G24",1.94688934157117,8.88963518009898
"HP1502401_G3",-7.56509396364467,11.8519431100917
"HP1502401_G4",2.4346508092664,8.97400197849986
"HP1502401_G5",2.31270793149693,8.99716482029674
"HP1502401_G6",2.21724525163396,9.11237916813609
"HP1502401_G7",-0.667203872702286,-5.66073265208485
"HP1502401_G8",-1.03586122324245,-4.90539016856435
"HP1502401_H1",-0.988028495810196,-5.96041145457509
"HP1502401_H11",2.16679182718022,8.53223714695689
"HP1502401_H12",2.39809843967183,7.91508016453502
"HP1502401_H13",-12.2980928116061,2.96841773854015
"HP1502401_H14",-1.00522825052516,-3.84801283015492
"HP1502401_H15",0.0307971544049526,-4.41771736277821
"HP1502401_H16",-1.24006506731288,-3.8199049486089
"HP1502401_H19",2.46311810682042,9.14354143009898
"HP1502401_H2",-0.285258739493058,-4.89772429599049
"HP1502401_H20",-1.54325959017055,-4.72235932482961
"HP1502401_H21",10.799687416055,1.58923539982555
"HP1502401_H22",2.1528218693517,9.21173391209361
"HP1502401_H23",10.6723614043973,1.46408901081798
"HP1502401_H24",-1.14526697923915,-5.07760062350514
"HP1502401_H3",-0.825807064078019,-4.04016080035451
"HP1502401_H4",-1.1159250431277,-4.194410945313
"HP1502401_H5",-1.6527845554568,-5.08807578219655
"HP1502401_H6",-8.14714714815395,11.6808157907557
"HP1502401_H7",-0.294473617575333,-4.30895652903798
"HP1502401_H8",0.334575921990707,-3.81227507724049
"HP1502401_I1",-1.2399553947665,-4.3258556379247
"HP1502401_I12",12.6284523315213,-9.88370981349233
"HP1502401_I15",-0.129935353300736,-3.61950340403798
"HP1502401_I16",-1.91501638223903,-4.81185188426259
"HP1502401_I18",-0.940293758413956,-5.68400945796254
"HP1502401_I2",10.6834259338163,1.61528978214976
"HP1502401_I21",8.24600794980748,1.54621848927257
"HP1502401_I22",-1.73552438547389,-4.52918639315846
"HP1502401_I23",1.13804119894727,-5.65827789439443
"HP1502401_I24",2.61890891263707,9.33154401646373
"HP1502401_I4",1.73680514166577,-6.61404695643666
"HP1502401_I6",2.63922634790166,9.2806683527064
"HP1502401_I7",-8.24600693514125,11.5819502817225
"HP1502401_I8",-11.7719611816622,2.11964115963695
"HP1502401_I9",-8.07748982240932,11.8019238458705
"HP1502401_J1",-0.258506505987809,-4.26456895007375
"HP1502401_J10",2.33508315751775,9.10344991551158
"HP1502401_J11",-1.60397621919887,-4.06458702220204
"HP1502401_J12",3.21605899999364,10.0509072290492
"HP1502401_J14",-1.37047406961696,-4.22317638530019
"HP1502401_J15",10.4566793746732,1.50579008923289
"HP1502401_J17",8.5946564979337,1.28106508122203
"HP1502401_J18",-0.918050735495255,-4.38423552645924
"HP1502401_J19",10.8188438720487,1.43540940151927
"HP1502401_J20",-1.002622097037,-4.17895665301564
"HP1502401_J21",-1.7024159126498,-4.65799274577382
"HP1502401_J22",2.03940394590123,9.27715787754771
"HP1502401_J23",-1.19902917673366,-4.38052454127553
"HP1502401_J24",10.5314359969877,1.74424562321422
"HP1502401_J4",0.0305737561963344,-4.16117277278188
"HP1502401_J6",0.228812009789779,-3.83224406375172
"HP1502401_J8",-1.48002287676112,-4.1382712377477
"HP1502401_K1",-1.09492537309901,-4.34301176203969
"HP1502401_K11",-0.655257194540665,-5.13153162135365
"HP1502401_K14",-12.548999755881,2.45192465649364
"HP1502401_K15",-1.50002190401332,-4.18397441043141
"HP1502401_K16",-0.441013067267106,-4.81429209841969
"HP1502401_K2",-1.18373414804713,-4.66129055155995
"HP1502401_K20",-0.743752449057267,-4.39246573580983
"HP1502401_K21",0.444392592408493,-4.98193206919911
"HP1502401_K22",-0.974426477453873,-4.43036213053944
"HP1502401_K23",-12.4099178009249,3.58382472859141
"HP1502401_K24",-11.9555339508273,2.7737422929835
"HP1502401_K3",-2.29044505884425,-5.09271779193166
"HP1502401_K5",0.0378010577939296,-4.36610069407704
"HP1502401_K6",-0.999497144720719,-4.05060234202626
"HP1502401_K9",-0.73701640894191,-5.24649515284779
"HP1502401_L1",-1.13802978327052,-4.71473803653005
"HP1502401_L10",2.58488813112004,8.94436082707164
"HP1502401_L11",-0.538147180578873,-4.33672776355031
"HP1502401_L12",-1.11331531336086,-3.60839715136769
"HP1502401_L13",0.142585188844039,-4.93533744944814
"HP1502401_L14",-12.6993999176242,2.43849000797984
"HP1502401_L15",-0.127171962759659,-4.70136823786977
"HP1502401_L16",-1.25655886461513,-4.2702006353307
"HP1502401_L17",-2.22892185976283,-3.13915171756032
"HP1502401_L18",9.41253617475255,1.96324357853648
"HP1502401_L2",-1.34111210634486,-4.26106777323964
"HP1502401_L20",0.412358195283248,-4.7746864808965
"HP1502401_L21",-0.782653062842057,-4.1948684705663
"HP1502401_L22",-1.8295902900912,-4.40861787928822
"HP1502401_L23",-0.918775289557145,-4.21203055514577
"HP1502401_L3",-0.618885486624405,-3.64779677523854
"HP1502401_L4",-0.365840881369278,-4.67044558657887
"HP1502401_L5",9.16630366513951,1.37756309376475
"HP1502401_L7",0.0146241493008876,-3.51917209758046
"HP1502401_L9",-0.997325389883683,-5.87160339488271
"HP1502401_M1",-1.70809003641383,-4.25325837268117
"HP1502401_M10",-0.336380451224015,-4.63526287211659
"HP1502401_M11",-0.657138317129776,-4.72388591899159
"HP1502401_M12",2.3673975176595,7.64917764530894
"HP1502401_M14",0.306075007417038,-4.80856480731252
"HP1502401_M15",-1.33869978716151,-4.44958057536366
"HP1502401_M16",9.89341262052281,1.7275963769984
"HP1502401_M19",-0.970339983008072,-4.56399979724172
"HP1502401_M2",2.15754833886845,8.79998121128795
"HP1502401_M21",-1.32587525179164,-4.37751522197011
"HP1502401_M23",-1.77175089647548,-4.49019827975514
"HP1502401_M24",-0.431437938711808,-4.61909093989613
"HP1502401_M3",-0.616409986517594,-4.53329386843922
"HP1502401_M4",-1.19832059671657,-4.24594655169728
"HP1502401_M5",-0.77503344347255,-5.14067402018788
"HP1502401_M6",-8.04895111849086,11.7340804086756
"HP1502401_M7",2.52047905395253,-10.3749894155431
"HP1502401_N1",2.51009073922856,9.08873758183238
"HP1502401_N10",7.68453410337193,2.29160985813853
"HP1502401_N11",-12.272313087485,2.74721631870982
"HP1502401_N12",-1.47503778269069,-4.06526150836232
"HP1502401_N15",-0.575098007223771,-4.57704033984425
"HP1502401_N16",8.4178085632108,0.723553036315413
"HP1502401_N17",-1.76373931696193,-3.92904081477406
"HP1502401_N18",9.94733050534947,1.87183270321605
"HP1502401_N20",2.86909702489598,-10.6788271917272
"HP1502401_N21",1.89982160995229,9.20418271885631
"HP1502401_N23",-12.1597795181491,3.42844352589366
"HP1502401_N3",-1.15086623956935,-4.62200608386281
"HP1502401_N4",-1.04971310426967,-4.30446567668202
"HP1502401_N7",-8.13275334169643,12.0344630228114
"HP1502401_N8",2.24363753268941,8.67533216343639
"HP1502401_N9",-12.319619148276,3.02175817356822
"HP1502401_O1",-1.56564161112087,-4.19080414904836
"HP1502401_O10",9.48543408582433,1.74167809353587
"HP1502401_O16",2.20979407499058,9.11511907444713
"HP1502401_O17",-0.204877942106888,-4.02007784976247
"HP1502401_O18",-8.5245275192477,11.8170357690882
"HP1502401_O2",-0.738542049429581,-4.43931903971913
"HP1502401_O20",-1.2127313308932,-4.65451135768178
"HP1502401_O21",-1.38346525957362,-4.07874002589467
"HP1502401_O22",-0.711169689200089,-4.15531411303761
"HP1502401_O23",0.154178649880722,-5.06216492785695
"HP1502401_O24",2.82454779813512,-10.6388958944249
"HP1502401_O3",-0.879421442053482,-4.44152751101735
"HP1502401_O4",-0.92235371401088,-4.8753375066686
"HP1502401_O6",-8.18935105135219,11.8985329614711
"HP1502401_O8",-0.832888572714493,-4.36887254847768
"HP1504101T2D_A12",-0.326078980467484,-3.36107912196401
"HP1504101T2D_A13",-12.9521236114718,2.27111563549754
"HP1504101T2D_A15",-12.6735648803927,2.07060179577586
"HP1504101T2D_A17",-12.3631963424899,1.92136106358287
"HP1504101T2D_A18",-12.6109971695163,2.14383277760265
"HP1504101T2D_A19",0.451493174531295,-4.59852924479726
"HP1504101T2D_A20",-12.8939752273776,2.22689041958568
"HP1504101T2D_A23",-0.171108334562943,-5.4646872533727
"HP1504101T2D_A24",-8.0010204010226,11.8831959711146
"HP1504101T2D_A4",-13.1766290359713,1.78260192738292
"HP1504101T2D_A5",-0.00342068006770369,-3.93069567813161
"HP1504101T2D_A6",-0.825511901877091,-4.66373577250722
"HP1504101T2D_A8",0.570689172246292,-3.05614783896687
"HP1504101T2D_B10",-13.2149753265597,2.17099938259837
"HP1504101T2D_B11",0.446936280228927,-3.19341876639607
"HP1504101T2D_B12",-13.0891904525973,1.7923665987086
"HP1504101T2D_B13",0.0341878242276454,-3.82474603785756
"HP1504101T2D_B16",0.582461626031234,-3.3018921865392
"HP1504101T2D_B17",-11.9171619110324,2.39254126415965
"HP1504101T2D_B18",-13.2602948837496,1.98751196728465
"HP1504101T2D_B21",-0.555809228918717,-6.31931486262563
"HP1504101T2D_B22",-12.8702850036837,1.64358053074596
"HP1504101T2D_B24",-12.2773027115084,2.19430384503123
"HP1504101T2D_B4",-13.1157006912448,2.30724153385875
"HP1504101T2D_B5",-12.9676770858981,2.03106913433787
"HP1504101T2D_B6",3.10580900380833,9.8796959863734
"HP1504101T2D_B7",0.689082295396164,-3.9619583143163
"HP1504101T2D_B8",8.5186820335172,0.755869005782577
"HP1504101T2D_C1",12.6450357742093,-9.90158643855336
"HP1504101T2D_C10",-7.89038178255336,11.5430661188197
"HP1504101T2D_C12",-11.7358073883273,1.92891821728465
"HP1504101T2D_C14",0.364508659341171,-3.75015249385121
"HP1504101T2D_C15",-0.403861015341446,-5.29132976664784
"HP1504101T2D_C17",0.594907910325363,-4.57759037150624
"HP1504101T2D_C18",3.17270639608128,10.2881546960902
"HP1504101T2D_C20",0.330849558808639,-3.96390595568898
"HP1504101T2D_C21",-12.406195610068,1.91103658543346
"HP1504101T2D_C22",0.0360747880719448,-5.32897796763661
"HP1504101T2D_C4",0.247060687043502,-3.61337485446217
"HP1504101T2D_C9",-7.88920018007533,11.7844124780726
"HP1504101T2D_D1",0.163503558137252,-6.12968006266835
"HP1504101T2D_D11",-12.8161554031588,1.59139284954784
"HP1504101T2D_D12",0.27715173433049,-2.99564042224172
"HP1504101T2D_D13",-0.0279581241823887,-4.49174204005483
"HP1504101T2D_D15",-13.0140227966525,1.98228940830943
"HP1504101T2D_D17",-13.2477750473239,1.944185589416
"HP1504101T2D_D18",-13.1267280273654,1.92020020352122
"HP1504101T2D_D19",-0.139895766279862,-5.97247448100331
"HP1504101T2D_D2",0.567306906678512,-3.29784073962453
"HP1504101T2D_D21",-12.1059770279147,2.09080920086619
"HP1504101T2D_D23",-12.3544120483615,2.29229197369334
"HP1504101T2D_D24",-13.1254167251803,2.13001808987376
"HP1504101T2D_D5",-0.463140934012101,-3.86231985224965
"HP1504101T2D_D6",-0.366800635359452,-4.17027511729482
"HP1504101T2D_D7",0.372781545617416,-4.02326073779347
"HP1504101T2D_D9",3.13344600866063,10.0691262231898
"HP1504101T2D_E1",0.615997762181594,-4.86116733683827
"HP1504101T2D_E10",-1.0636515312411,-2.22092857493642
"HP1504101T2D_E11",-12.1605558090426,2.36157951222179
"HP1504101T2D_E14",-13.0441837005831,1.95177612171886
"HP1504101T2D_E15",2.99393656919225,10.0752469049525
"HP1504101T2D_E16",2.43844398925526,9.33674917088267
"HP1504101T2D_E18",-13.0652293853976,1.89944729672191
"HP1504101T2D_E19",6.74510434339268,0.633450721366378
"HP1504101T2D_E20",-12.8092775039889,2.20386752949473
"HP1504101T2D_E21",0.368943960168197,-3.23942222728017
"HP1504101T2D_E22",0.0140087909482265,-5.03907909526112
"HP1504101T2D_E23",0.674185246922805,-4.53705182208302
"HP1504101T2D_E24",3.09406319329961,10.0564633356166
"HP1504101T2D_E3",-2.39200493623988,-2.48129489554646
"HP1504101T2D_E4",-11.9824199371554,2.2277377592158
"HP1504101T2D_E6",-0.693178146383927,-5.5293878568578
"HP1504101T2D_E7",-11.9232721023776,2.58031926022288
"HP1504101T2D_E8",-12.797161071799,1.92265996800181
"HP1504101T2D_E9",-11.822265594504,2.47342858181712
"HP1504101T2D_F10",-0.465365379355118,-3.52430834903005
"HP1504101T2D_F11",-13.2988776855685,2.12824091778514
"HP1504101T2D_F12",0.549928576447799,-4.20745124949696
"HP1504101T2D_F13",-12.9554099731662,1.84352025852916
"HP1504101T2D_F14",-13.0865239792086,2.12924680577037
"HP1504101T2D_F15",-0.161792605421708,-5.306702042954
"HP1504101T2D_F16",-12.8756084137179,2.12270102368114
"HP1504101T2D_F17",-8.2851304702975,11.6521216379237
"HP1504101T2D_F19",0.228867084481552,-3.47646703852895
"HP1504101T2D_F2",-11.7647742920138,2.2127095209193
"HP1504101T2D_F20",-12.3661651306369,2.27165732250926
"HP1504101T2D_F22",0.287400991418197,-3.52163782252553
"HP1504101T2D_F3",-0.262822597525284,-5.78175106181386
"HP1504101T2D_F7",0.673129767873123,-4.67398753299001
"HP1504101T2D_G1",0.685753912427261,-4.33320131434682
"HP1504101T2D_G10",0.469372302987411,-4.49753489627126
"HP1504101T2D_G12",-0.381520717642472,-5.05763855113271
"HP1504101T2D_G14",0.127500445344284,-3.78905167712453
"HP1504101T2D_G16",-12.6260995559909,1.94322523937938
"HP1504101T2D_G17",0.741579682328537,-3.99680390490773
"HP1504101T2D_G19",0.148147851922348,-5.49627819194081
"HP1504101T2D_G2",0.579627484776809,-4.09072294368031
"HP1504101T2D_G21",-11.8875245743014,2.2952221380305
"HP1504101T2D_G22",-0.456732719443009,-4.78202381266835
"HP1504101T2D_G23",0.194713026978805,-5.13676371707204
"HP1504101T2D_G24",0.809093923070266,-4.09058537616017
"HP1504101T2D_G3",-12.8309716873385,2.24546203480479
"HP1504101T2D_G4",-12.7848739319064,1.71345958576915
"HP1504101T2D_G8",-13.0672359161593,1.9180944906306
"HP1504101T2D_G9",-12.0349549942233,1.30690774784801
"HP1504101T2D_H1",-11.9729404144503,2.5235837446284
"HP1504101T2D_H14",-12.7304124527194,2.18480906353709
"HP1504101T2D_H15",0.60864678094609,-4.61142816676381
"HP1504101T2D_H17",-0.835179060003922,-2.08862223757985
"HP1504101T2D_H18",8.4253883666776,1.04450378285167
"HP1504101T2D_H2",-0.396815865538285,-3.86298170222524
"HP1504101T2D_H20",0.736193508603408,-3.5690356744695
"HP1504101T2D_H21",0.708871693112686,-4.07498827113393
"HP1504101T2D_H22",0.633314938046768,-4.15908732547047
"HP1504101T2D_H23",2.91867414186223,9.70786676274058
"HP1504101T2D_H24",-12.8665399246432,1.804461811645
"HP1504101T2D_H4",0.327687532403305,-3.26334586276296
"HP1504101T2D_H5",-8.26576039125697,11.8453608499598
"HP1504101T2D_H6",3.03422287175877,10.090189074142
"HP1504101T2D_H9",0.825714618661239,-3.86728634967091
"HP1504101T2D_I1",-1.21642228891628,-2.3883818639684
"HP1504101T2D_I10",-12.3687734298922,2.08378252850291
"HP1504101T2D_I14",0.803193838097885,-3.56906881465199
"HP1504101T2D_I15",-12.886833160422,2.2183714853358
"HP1504101T2D_I16",-12.9613876037814,2.11247095928905
"HP1504101T2D_I17",0.809631795384719,-4.29798474444631
"HP1504101T2D_I18",-0.364823549292252,-3.64593138827565
"HP1504101T2D_I2",-1.20092293550746,-2.4011605037618
"HP1504101T2D_I20",0.746426910855606,-4.0501832021642
"HP1504101T2D_I22",-0.16607782175319,-3.73914303912404
"HP1504101T2D_I23",0.228272945382431,-4.81187834872487
"HP1504101T2D_I24",-0.166084378264115,-5.21314516200307
"HP1504101T2D_I5",0.667742580869033,-4.00775900019887
"HP1504101T2D_I7",-11.9924630813815,2.80471930371043
"HP1504101T2D_I8",-0.662384241125748,-3.94186129702809
"HP1504101T2D_J1",0.395789415337875,-3.1213969243932
"HP1504101T2D_J11",-0.109221070311234,-3.75528493060353
"HP1504101T2D_J13",0.252720386483505,-3.35637226237538
"HP1504101T2D_J14",-7.87488552858608,11.6522866235804
"HP1504101T2D_J15",0.0368452377103115,-3.37571134700063
"HP1504101T2D_J18",1.20965188811047,-7.31023540629628
"HP1504101T2D_J2",-0.0830007486559605,-5.37945451869252
"HP1504101T2D_J20",-0.135742276213334,-6.65106048716786
"HP1504101T2D_J22",-12.6337508850314,1.83997807369945
"HP1504101T2D_J24",0.15110614965184,-3.40763559474233
"HP1504101T2D_J3",-13.1348104171969,1.70020637379405
"HP1504101T2D_J5",-11.6822137527682,2.23507699833629
"HP1504101T2D_J7",0.14031091401799,-3.03080537451985
"HP1504101T2D_J9",-13.1349506073214,2.09966788159129
"HP1504101T2D_K12",-0.0351614647127843,-4.93636980189565
"HP1504101T2D_K17",-0.547424047491715,-4.35323825015309
"HP1504101T2D_K18",0.137186438538864,-5.28796901835683
"HP1504101T2D_K2",-12.7811069183566,1.8585082040858
"HP1504101T2D_K20",0.222708971001937,-3.8250900758672
"HP1504101T2D_K22",0.0971181697629238,-4.38882913722279
"HP1504101T2D_K23",0.469782263734176,-4.21718278064015
"HP1504101T2D_K24",-0.22224590112941,-3.28513755931142
"HP1504101T2D_K4",-0.282732694647477,-4.29776182307485
"HP1504101T2D_K8",-12.4669160537936,2.14086065159557
"HP1504101T2D_L1",-12.9544067077853,1.93608841763255
"HP1504101T2D_L10",-0.409994690916703,-3.52887621058705
"HP1504101T2D_L11",-8.11522957613246,11.8023863779139
"HP1504101T2D_L13",-12.2699727707125,2.63531861172435
"HP1504101T2D_L15",-13.174753158591,1.83505210743663
"HP1504101T2D_L18",-0.364455550215409,-3.31594886912587
"HP1504101T2D_L19",0.55212834546788,-3.8933593286443
"HP1504101T2D_L2",-0.50382491876857,-3.28780975474599
"HP1504101T2D_L21",-0.992915838263199,-4.95470490588429
"HP1504101T2D_L23",0.41130414674504,-3.65484967364552
"HP1504101T2D_L24",-12.705641716025,1.98403463230846
"HP1504101T2D_L3",-0.131315081617997,-3.26013555659535
"HP1504101T2D_L4",0.364207417466476,-3.16009428633931
"HP1504101T2D_L5",-0.0689658813692784,-3.58606543673756
"HP1504101T2D_L7",-0.159047096274064,-5.21990623606923
"HP1504101T2D_L8",-0.21252545645015,-3.83344712390187
"HP1504101T2D_M1",-12.2204942398288,2.09464678631541
"HP1504101T2D_M10",0.303818971612289,-4.52396240367177
"HP1504101T2D_M15",-0.120080440542862,-5.40721359385732
"HP1504101T2D_M18",-1.11877009203212,-4.79744591845754
"HP1504101T2D_M19",-0.493214815161393,-6.20647421015981
"HP1504101T2D_M2",0.0537501878522182,-3.21118559970143
"HP1504101T2D_M21",-0.285710900328324,-4.63031926287892
"HP1504101T2D_M23",-0.0686183862902379,-4.86075105799916
"HP1504101T2D_M24",0.514651448228195,-3.2205659402776
"HP1504101T2D_M3",-12.8160695724704,2.07196984158275
"HP1504101T2D_M4",0.927983672120407,-3.78861799372914
"HP1504101T2D_M5",-0.0940963916994786,-4.35465493335011
"HP1504101T2D_M6",-0.53698822786586,-3.3839234365392
"HP1504101T2D_M7",-1.0772664242007,-5.10801472796681
"HP1504101T2D_M9",-0.208485811255143,-4.55990924968007
"HP1504101T2D_N1",0.260586053826644,-4.66337456835988
"HP1504101T2D_N10",2.1163827485822,8.57585821018932
"HP1504101T2D_N12",0.532601863839462,-3.33186545504811
"HP1504101T2D_N13",0.67128494451268,-3.52074136866811
"HP1504101T2D_N15",0.503708035447433,-4.6690682424474
"HP1504101T2D_N16",-13.1906156234957,1.9338723169398
"HP1504101T2D_N17",0.250653058984115,-3.24837222232106
"HP1504101T2D_N19",0.353929788567855,-4.16310730113271
"HP1504101T2D_N2",-1.83260366251247,-2.846133018868
"HP1504101T2D_N20",-12.8689422302462,2.6352244363856
"HP1504101T2D_N21",-7.90486141969936,11.7257557855677
"HP1504101T2D_N22",-0.114863126776383,-4.73864522113088
"HP1504101T2D_N24",0.462389261224105,-3.54166998996022
"HP1504101T2D_N5",0.421337754227951,-3.1164149297643
"HP1504101T2D_N6",-0.010715096495316,-3.38162841929677
"HP1504101T2D_N7",0.368910700776413,-4.68431964053395
"HP1504101T2D_N8",0.13264694879277,-4.29524531497243
"HP1504101T2D_N9",-0.784798591635392,-3.36593642367604
"HP1504101T2D_O10",0.158396870591476,-3.6056682123113
"HP1504101T2D_O11",-11.8895930938937,2.50971255169627
"HP1504101T2D_O12",3.17319884965642,9.99404249058482
"HP1504101T2D_O13",0.784116298653915,-5.98144474162343
"HP1504101T2D_O14",0.425180227258041,-4.33494629992726
"HP1504101T2D_O16",0.63297608564122,-3.56279506816152
"HP1504101T2D_O20",0.627845854260757,-3.72416343821767
"HP1504101T2D_O22",-0.300275652907059,-5.18891134394887
"HP1504101T2D_O23",-12.5280980758883,2.20097408161876
"HP1504101T2D_O24",8.23970988462193,1.32067761288402
"HP1504101T2D_O3",-0.0703074627138829,-4.33098664416554
"HP1504101T2D_O4",-13.1641168289401,2.13165721760509
"HP1504101T2D_O6",-0.192362754843399,-5.02547230853322
"HP1504101T2D_O9",0.32114210794194,-4.89495673312428
"HP1504101T2D_P11",-0.219874828360245,-4.4813937200475
"HP1504101T2D_P12",-12.8460416488864,2.17614850865123
"HP1504101T2D_P14",0.42405274579747,-5.07840576304677
"HP1504101T2D_P17",-0.243922441504166,-3.84174575938466
"HP1504101T2D_P18",0.00697878072483782,-4.25264945163014
"HP1504101T2D_P2",0.538362056710556,-4.06308832301381
"HP1504101T2D_P21",-0.311052530310318,-5.36299409999135
"HP1504101T2D_P22",0.20496288011296,-4.78784742488149
"HP1504101T2D_P24",-12.8586206131198,1.94366702900645
"HP1504101T2D_P5",-7.96411511232631,11.914218042953
"HP1504101T2D_P7",-0.243333547613785,-4.88849272860768
"HP1504101T2D_P9",-11.9198808365084,2.45375261173961
"HP1504901_A10",-8.03343674471156,11.0953465448451
"HP1504901_A14",-2.57698771288173,-1.840193773644
"HP1504901_A16",0.704406470753982,8.74453172550914
"HP1504901_A19",-2.48689553072231,-1.77533265485051
"HP1504901_A2",-2.48942848970668,-1.96984919442418
"HP1504901_A21",-7.9328412704684,10.9230233179164
"HP1504901_A23",12.5109281844877,-9.76047411097768
"HP1504901_A3",0.58117434451802,9.06782636509654
"HP1504901_A5",-11.9181422882296,3.35212621556041
"HP1504901_A9",-3.12414690782802,-2.35455801619771
"HP1504901_B1",-3.16371819307582,-2.17062058581593
"HP1504901_B10",0.58751687476857,9.1311379419398
"HP1504901_B11",0.492136508920028,9.01745328770396
"HP1504901_B14",10.0259638137601,1.90832934246776
"HP1504901_B15",-2.5590767555453,-2.35113301409963
"HP1504901_B16",-3.08725783159511,-1.93733277453664
"HP1504901_B18",-2.40788122942226,-2.17041930093053
"HP1504901_B20",-12.3482703857638,3.73269090519664
"HP1504901_B21",-2.58958241274135,-2.82774152888539
"HP1504901_B22",0.78890767762883,8.95717916355846
"HP1504901_B23",-11.7910709076144,3.61505756245372
"HP1504901_B3",-3.26569840242641,-2.12348839177373
"HP1504901_B4",-7.90621945192592,10.8320580469203
"HP1504901_B6",-12.437970130942,3.53292903767345
"HP1504901_B8",-12.4605226211764,3.50096902714488
"HP1504901_B9",-7.82731148531215,10.9130106912684
"HP1504901_C10",-7.84786412050502,10.8977023111415
"HP1504901_C11",-3.3781161003329,-2.46924212111714
"HP1504901_C14",-11.8879403763034,3.7840019212794
"HP1504901_C16",-2.42493531038539,-1.65880718364003
"HP1504901_C17",0.561431617238357,8.77966508732555
"HP1504901_C23",-11.8774041824557,3.28567514286754
"HP1504901_D1",-1.9835414581515,-2.16482743157628
"HP1504901_D12",-3.42207714845912,-3.25190248622182
"HP1504901_D14",-2.69036194612758,-3.18849208487752
"HP1504901_D15",-2.69107100298183,-1.91216381921056
"HP1504901_D16",-3.29028698732631,-2.60680964125874
"HP1504901_D17",-3.35390135576503,-2.44407978190663
"HP1504901_D2",-2.99613806535976,-2.91253605021718
"HP1504901_D21",-2.42918440630214,-1.90751394166234
"HP1504901_D22",-2.34164854814784,-2.57751920356038
"HP1504901_D23",-2.7293648414828,-2.41266563071492
"HP1504901_D24",-11.8641719513156,3.42359266148326
"HP1504901_D5",-2.87614914705531,-2.43809249533894
"HP1504901_D6",-7.95552346040981,10.9997626291346
"HP1504901_D7",0.601294488408401,8.98228368626353
"HP1504901_D9",-12.3087119751193,3.68573770390269
"HP1504901_E14",-2.37396451761501,-2.04364606274846
"HP1504901_E16",0.783156485059097,9.19713315830943
"HP1504901_E18",-2.72338864137904,-1.87500878705266
"HP1504901_E2",12.6267166442655,-9.88034429682973
"HP1504901_E21",0.698205978371933,8.90828428135631
"HP1504901_E23",-12.1483573608615,3.85834607945201
"HP1504901_E24",-2.92405411531703,-2.56984880103352
"HP1504901_E6",10.4067402190946,1.87865290508983
"HP1504901_F1",-12.466365783713,3.62970123158214
"HP1504901_F10",-2.54194542696254,-1.7732770098615
"HP1504901_F11",0.851352602937057,8.85137185917613
"HP1504901_F12",-3.10342165758388,-1.80928489102605
"HP1504901_F13",0.402596265771225,8.92512426243541
"HP1504901_F15",-12.0967483215548,3.75100335942027
"HP1504901_F16",12.6066122360013,-9.85618391169789
"HP1504901_F17",1.77790083060487,8.75299749241588
"HP1504901_F18",-11.7963418655612,3.04746398792979
"HP1504901_F19",-2.41468736459987,-2.51345589293721
"HP1504901_F2",-7.7316522293307,11.0073376642298
"HP1504901_F20",-2.97677990724818,-2.37726190222981
"HP1504901_F24",-2.60396191408412,-2.79218294753316
"HP1504901_F3",-3.02329155733363,-2.10744586123708
"HP1504901_F4",-2.54360195925014,-3.07011809481862
"HP1504901_F5",-3.15118452837245,-2.19659128321889
"HP1504901_F8",10.1637859649442,1.9177750097346
"HP1504901_F9",-2.7081532173373,-2.56086757315877
"HP1504901_G10",12.5154505080961,-9.74468221797231
"HP1504901_G11",10.1383467025541,2.03464398251292
"HP1504901_G12",0.486702591874435,8.98118409977672
"HP1504901_G13",-2.60906550218837,-2.55253818167928
"HP1504901_G15",-2.84859129717128,-2.02287598981145
"HP1504901_G18",0.439727575280502,8.95766553745982
"HP1504901_G19",-2.49822327425258,-1.73187103404286
"HP1504901_G2",-2.84552714159267,-2.96075942649129
"HP1504901_G20",-12.2320165329196,3.67920646534679
"HP1504901_G21",0.406804353692367,9.14316663609264
"HP1504901_G24",-2.97436615755336,-1.85539909734013
"HP1504901_G3",-3.00545689394252,-2.67113008631947
"HP1504901_G4",0.868685037591293,8.97639284001109
"HP1504901_G6",-3.07393023302333,-2.29405810965779
"HP1504901_G8",0.610885710217788,9.13768682347057
"HP1504901_G9",-1.52969071199672,-1.84965273274663
"HP1504901_H1",-2.73866984178798,-1.90641840829137
"HP1504901_H10",-2.51444479753749,-2.20388438834432
"HP1504901_H11",-3.14083859255092,-1.94272669686559
"HP1504901_H12",-2.53127047350185,-2.6534056915212
"HP1504901_H14",-12.1023482971408,3.58259925709483
"HP1504901_H17",1.17051559756024,8.88145933018443
"HP1504901_H18",0.406272441842392,9.06751165257213
"HP1504901_H19",-12.3496389084079,3.62170419560191
"HP1504901_H2",-2.75894972612636,-2.52326443328145
"HP1504901_H22",0.558367104031875,9.22060022221324
"HP1504901_H4",-2.3957945995547,-2.76181807650807
"HP1504901_H5",0.579371959664657,9.02074632511851
"HP1504901_H6",-3.05763670732753,-2.22497429980519
"HP1504901_I10",10.3773985214017,1.91800126896617
"HP1504901_I12",-2.71033236315028,-1.73838004006627
"HP1504901_I13",12.6519909209989,-9.90600099696401
"HP1504901_I17",12.5714445419095,-9.82191457881215
"HP1504901_I18",-11.7987565689303,3.31656942234752
"HP1504901_I2",-3.03164479067104,-2.36720016135457
"HP1504901_I21",-2.76572892000453,-2.58104565276387
"HP1504901_I22",-11.6693200760104,2.95494232044932
"HP1504901_I24",-2.80634304811733,-2.60607531203511
"HP1504901_I3",-3.33785864641444,-2.22570040358785
"HP1504901_I7",-7.86503788759486,10.8549757944178
"HP1504901_I8",-2.91044327547328,-2.92016592158559
"HP1504901_J12",-2.61554190447109,-1.81118681563619
"HP1504901_J17",-2.27888843347804,-2.36500158442738
"HP1504901_J20",-2.69621369173305,-2.62671425475362
"HP1504901_J22",-2.69807526399867,-1.86218848361257
"HP1504901_J23",-3.10070988466518,-2.64061238898518
"HP1504901_J3",0.680793017842605,8.95701608525035
"HP1504901_J4",-8.13951107790248,11.1134692178797
"HP1504901_J5",10.2422333068631,2.0735059724879
"HP1504901_J6",-2.84851357271449,-2.49867727889302
"HP1504901_J7",0.623651236989334,9.0353709207606
"HP1504901_J8",-2.94193312456386,-2.57589426173451
"HP1504901_J9",-12.055009811423,3.80179462300059
"HP1504901_K1",-2.72005078127162,-2.1115218652654
"HP1504901_K12",-2.53881689836757,-2.60382309092763
"HP1504901_K14",-11.9262075119235,3.58717641697642
"HP1504901_K19",0.617072672345474,9.05831727848765
"HP1504901_K20",-7.9283303909518,10.9210949884486
"HP1504901_K22",0.611746639706924,8.95430097447154
"HP1504901_K23",9.38616326520665,0.920251940352889
"HP1504901_K5",-3.24421402742641,-2.14618333710912
"HP1504901_K6",-3.32273718645351,-2.07227822674992
"HP1504901_L1",-2.66209265520351,-1.71154602898839
"HP1504901_L13",-3.07852217485683,-2.11964883937123
"HP1504901_L14",-3.26146504213588,-2.18031253947499
"HP1504901_L16",10.1703052825712,2.07523140774486
"HP1504901_L17",0.563077957131698,8.99240026341197
"HP1504901_L18",-12.0382299118258,3.55460843907115
"HP1504901_L20",0.501604587533309,8.88837728367564
"HP1504901_L21",-2.8731374435641,-2.29491915835622
"HP1504901_L22",0.843689710595443,9.20019540653941
"HP1504901_L3",-12.4495181732394,3.35432443485973
"HP1504901_L8",0.574440092542007,8.92188844547984
"HP1504901_L9",-12.2059707336642,3.54276094303844
"HP1504901_M12",-2.63058850099818,-1.66800245179418
"HP1504901_M18",-3.38058897783534,-2.52737214698079
"HP1504901_M21",-7.88188740541713,11.510162447555
"HP1504901_M24",-3.22726723482387,-2.73897042407277
"HP1504901_M3",-2.3813960247256,-2.28545537127736
"HP1504901_M4",-11.9425668411471,3.49177083836314
"HP1504901_N1",-2.35012981226222,-2.99668982161763
"HP1504901_N12",-2.47234246065395,-2.30372085704091
"HP1504901_N13",0.756190032460525,9.00116834507701
"HP1504901_N15",-12.2072591476657,3.3489809976649
"HP1504901_N16",-2.92007872392909,-3.00880017413381
"HP1504901_N17",-4.17066284944789,-3.48378434314015
"HP1504901_N18",10.5027933425687,1.60090098248241
"HP1504901_N19",-2.70847508241908,-2.88545181884053
"HP1504901_N2",-3.13555714418666,-2.41916277541402
"HP1504901_N22",-2.79670140077846,-2.68252422942403
"HP1504901_N23",-12.326379745505,3.66791066990611
"HP1504901_N24",-7.72376915743129,10.9566937433314
"HP1504901_N7",-2.74852177431361,-2.72969439162495
"HP1504901_N8",0.535987765290573,8.85233411656139
"HP1504901_N9",-11.9923495941378,3.57404718266246
"HP1504901_O1",-12.1986703567721,3.64976367817638
"HP1504901_O10",-2.63423249056117,-2.34613647593739
"HP1504901_O11",10.1664572067045,2.12180433140514
"HP1504901_O14",10.1237497634671,2.06552181111095
"HP1504901_O16",-2.54883953859584,-2.64773800505879
"HP1504901_O17",-2.92156073381679,-2.70236089362386
"HP1504901_O18",0.609896213509872,9.19688806401012
"HP1504901_O20",0.580408544041946,9.04905710087535
"HP1504901_O21",-12.4436206512667,3.64025554524181
"HP1504901_O24",-12.2799033813693,3.71755847798106
"HP1504901_O4",10.2812013931058,1.36312279568431
"HP1504901_O5",-12.1567544632174,3.5662570940089
"HP1504901_O6",-3.00823542406337,-2.73278095855
"HP1504901_O7",-3.10890862276332,-2.55625465049031
"HP1504901_O8",0.705176741578414,8.78176889286754
"HP1504901_O9",-2.68895909120815,-1.98510756625417
"HP1504901_P10",-2.2779385738589,-2.09264966382268
"HP1504901_P11",9.94618514249547,1.81284556256053
"HP1504901_P14",0.69234594772084,8.93987760411021
"HP1504901_P18",12.6628742522977,-9.92035761012318
"HP1504901_P20",-2.46984097292201,-1.72154870166066
"HP1504901_P21",-7.72835919191615,10.7306824670863
"HP1504901_P3",12.5107136077665,-9.76186170710805
"HP1504901_P7",10.2735596008085,1.97667560444591
"HP1506401_A12",8.92965367505772,3.1522150980067
"HP1506401_A15",2.24716702172978,11.7676573740077
"HP1506401_A17",2.16785904834492,11.781252001388
"HP1506401_A18",8.98533490369542,3.85644063816783
"HP1506401_A20",8.18988040158971,2.72274765835521
"HP1506401_A21",0.73156097600682,-9.67891016139272
"HP1506401_A24",2.28759685228093,11.6149312006068
"HP1506401_A4",7.43262294004185,1.03537473545787
"HP1506401_A5",0.677115351655319,-9.64138784541371
"HP1506401_B11",2.16224017808659,11.9195834146571
"HP1506401_B17",8.55746415326817,4.35044774876353
"HP1506401_B22",-12.332166641257,0.417088125808211
"HP1506401_B23",8.69666770169957,3.95084199772594
"HP1506401_B24",8.97302487561925,4.09801921711681
"HP1506401_B3",-12.4340829544284,0.375261162383529
"HP1506401_B4",-12.2338485412814,0.422851894957992
"HP1506401_C15",2.47038081357701,11.5476761804652
"HP1506401_C16",9.39577010343297,3.88955602513072
"HP1506401_C17",8.94489863584264,3.96867093907115
"HP1506401_C4",2.51206460664494,11.5592928873133
"HP1506401_C5",0.253606588342025,-9.26942529811147
"HP1506401_C8",2.47826865384801,11.4758025156092
"HP1506401_C9",2.3848119087003,11.6897536264491
"HP1506401_D1",8.47189048001988,4.22297010288951
"HP1506401_D13",2.43122795293553,11.6862946497035
"HP1506401_D15",9.3715324706815,3.9014130579066
"HP1506401_D17",9.16959193418248,3.45642862187144
"HP1506401_D2",8.61698010633214,4.09802446232555
"HP1506401_D7",8.25203326413853,3.68008622990367
"HP1506401_D8",9.10571864316685,3.8169895158839
"HP1506401_D9",-12.4961080246188,0.491404746634932
"HP1506401_E11",0.78388932416661,-9.70319929255727
"HP1506401_E12",-12.4120845489718,0.472034190757247
"HP1506401_E15",0.739233464696243,-9.67377176417592
"HP1506401_E16",-8.35460755159633,12.2896376596522
"HP1506401_E17",9.06831219861729,3.38168296681163
"HP1506401_E6",7.77458527753575,2.82789287434337
"HP1506401_F10",9.29489329526646,3.87246951924083
"HP1506401_F11",2.33789613912328,11.9147988306117
"HP1506401_F12",2.14807519386037,11.7184811578822
"HP1506401_F13",0.393071681954696,-9.52096929682973
"HP1506401_F17",0.50100484559758,-9.46095266474965
"HP1506401_F18",2.19040623376591,11.7565632806849
"HP1506401_F19",9.13810256192906,3.54528245793101
"HP1506401_F21",9.24726203153355,3.73816213474986
"HP1506401_F23",8.44745019147618,4.13843259678599
"HP1506401_F24",2.28756210277303,11.6733933435511
"HP1506401_F8",2.41136476466878,11.5294199930262
"HP1506401_F9",2.13940182397588,11.9332362161708
"HP1506401_G1",0.455569059350326,-9.50826444758656
"HP1506401_G11",-8.7672033004977,12.1743489252162
"HP1506401_G12",2.36865773866399,11.6144829736781
"HP1506401_G13",0.319627196290329,-9.29352464808705
"HP1506401_G18",9.50455334851964,3.93054160938975
"HP1506401_G19",8.63263991544469,4.14646253453014
"HP1506401_G2",8.94464543531163,4.19958982334849
"HP1506401_G20",9.37812283704503,3.89264163838145
"HP1506401_G21",8.56197503278477,4.07048425541637
"HP1506401_G23",8.83616498182042,4.37448558674571
"HP1506401_G24",-0.0561269216753697,-7.93967380656484
"HP1506401_G3",0.0200743980191493,-7.80209674968007
"HP1506401_G5",0.830459506013229,-9.47426500453236
"HP1506401_G6",2.45908495853169,11.5329876886439
"HP1506401_G8",-11.9062022857882,0.473448489768477
"HP1506401_G9",2.46745929191334,11.7235995279383
"HP1506401_H13",0.569751352765396,-9.59982957972768
"HP1506401_H14",0.631213755109146,-9.67337122096303
"HP1506401_H19",-12.3846759491183,0.33218583927867
"HP1506401_H2",7.92040589521153,2.48270687924144
"HP1506401_H22",0.733986885049179,-9.64343061579945
"HP1506401_H23",9.18150284955724,3.39636239872691
"HP1506401_H4",9.11423495481236,3.96715698109386
"HP1506401_H6",7.92405322263463,2.75435933933971
"HP1506401_H7",8.75872758100255,3.47043332920787
"HP1506401_H9",8.44008639524205,4.16722068653819
"HP1506401_I1",-12.4428662948825,0.385371898276778
"HP1506401_I11",2.33918300340398,11.4522334085536
"HP1506401_I12",2.20839890907033,11.8150120721888
"HP1506401_I14",-11.8798722915866,0.580225680930587
"HP1506401_I17",-12.2718505554415,0.351404522521468
"HP1506401_I2",-12.2400541000582,0.461854313476058
"HP1506401_I21",8.81396821210606,4.00010356770274
"HP1506401_I23",2.19532951781972,11.8261328683924
"HP1506401_I24",9.6545496291898,3.44959697590587
"HP1506401_I4",8.85007289121373,4.36041078434703
"HP1506401_I8",0.678028971650436,-9.67986288203481
"HP1506401_J17",2.26414039800389,11.7838955865931
"HP1506401_J19",2.2398168749593,11.7932635294032
"HP1506401_J20",8.13693669507725,2.69456634388682
"HP1506401_J21",8.21657088468297,2.85626230107066
"HP1506401_J22",7.75866130063756,1.88045868740794
"HP1506401_J4",0.801691562630966,-9.78601350917104
"HP1506401_J5",9.22652819822057,3.52080306874034
"HP1506401_J7",8.59895852277501,3.93493280277965
"HP1506401_J8",9.40901520917638,3.82242259846446
"HP1506401_K1",2.27620437810643,11.5877495752406
"HP1506401_K12",0.820050627686813,-9.56985941066029
"HP1506401_K16",9.46291783521397,3.84168681965587
"HP1506401_K17",8.49491408536656,4.21097001896617
"HP1506401_K19",9.20172980497105,3.78416356907603
"HP1506401_K21",2.14716145465596,11.8694315897059
"HP1506401_K22",-12.2799586944796,0.352359746558639
"HP1506401_K23",-12.1972446136691,0.492073629958602
"HP1506401_K4",9.38488057325108,3.76665792332408
"HP1506401_L1",9.30914786527379,3.61220464573619
"HP1506401_L10",9.08838465879185,3.12516603337047
"HP1506401_L13",8.83269074628575,4.04402932987926
"HP1506401_L17",-12.4548768692233,0.351268266303512
"HP1506401_L20",8.51772359082921,4.23442706928966
"HP1506401_L21",9.30251267621739,3.57708606587169
"HP1506401_L23",0.704412669637039,-9.62514104975942
"HP1506401_L4",8.92336610028966,3.9340811716151
"HP1506401_L5",2.28883311221822,11.888975237472
"HP1506401_M11",9.4460535354398,3.73490009175059
"HP1506401_M12",-0.310421436331437,-7.25992241038564
"HP1506401_M16",8.67755034635289,4.32513484822032
"HP1506401_M21",8.71448424527867,4.32597122059581
"HP1506401_M6",-12.3235234909274,0.571037028892013
"HP1506401_N10",9.28653767774327,3.64199790821788
"HP1506401_N11",2.30546388099416,11.824748133285
"HP1506401_N16",9.39149192044957,3.93046150074718
"HP1506401_N17",8.85813620755894,4.34986600743053
"HP1506401_N19",8.99764922330601,4.22596988545177
"HP1506401_N20",2.41730001638158,11.491987322433
"HP1506401_N4",0.776619107224777,-9.70197382106068
"HP1506401_O10",2.37715187738164,11.6135674463343
"HP1506401_O11",2.10098293493016,11.8436099039149
"HP1506401_O2",9.27662327954991,3.84805831776378
"HP1506401_O23",0.645519406297042,-9.58888139857533
"HP1506401_O3",0.739120573499038,-9.58998289241078
"HP1506401_O4",8.39865544507725,4.24670753346202
"HP1506401_O8",9.24321416089757,4.02394256458995
"HP1506401_P1",7.61961272428258,1.54544696675059
"HP1506401_P11",9.07065060804112,4.18015441761729
"HP1506401_P12",2.45257785985692,11.6065407739711
"HP1506401_P14",2.39306524465306,11.648195360763
"HP1506401_P19",0.416314155556991,-9.47935190333608
"HP1506401_P21",8.3955655402921,4.41425237522838
"HP1506401_P22",9.22218993375523,3.93888196812389
"HP1506401_P3",0.702360422112777,-9.76741876734975
"HP1506401_P4",9.08958628843053,3.24526510105846
"HP1506401_P5",8.56247571180089,3.01221856938121
"HP1507101_A12",2.49281475017293,6.96561345921275
"HP1507101_A14",-0.716897218725846,-6.88441267146352
"HP1507101_A20",-0.249761670134232,-8.27771749629262
"HP1507101_A22",2.88272741506322,-10.6937684072423
"HP1507101_A4",-1.43142720987575,-8.30337562693837
"HP1507101_A5",-7.75403687288539,12.2499218927455
"HP1507101_A6",3.15441814134343,7.11929426060435
"HP1507101_B1",-1.1494087867953,-7.10317363871816
"HP1507101_B12",-0.43890759279506,-8.22733678950551
"HP1507101_B13",-1.71093580057399,-7.91476192607167
"HP1507101_B14",-0.22190639307277,-7.7226628316808
"HP1507101_B16",-0.95094725420253,-8.2906207097936
"HP1507101_B18",0.041559130647018,-8.08665933741811
"HP1507101_B19",-1.38679668237941,-7.54739513530019
"HP1507101_B20",-12.4074020080783,2.75229821072337
"HP1507101_B23",2.81978097627385,-10.6349743856359
"HP1507101_B24",-1.37426063349025,-8.8417395605016
"HP1507101_B3",-1.25803705980556,-7.74334898127797
"HP1507101_B4",-1.03235790064113,-7.20985880030873
"HP1507101_B5",3.06772306630833,7.29528531895396
"HP1507101_B6",-0.47192212869899,-7.20528879298451
"HP1507101_B7",-0.565068452856705,-7.23925676478627
"HP1507101_C12",2.86834254930241,6.94939336643932
"HP1507101_C14",-0.450770347616837,-8.07253446711781
"HP1507101_C18",-0.761120288870499,-7.59426155223134
"HP1507101_C2",-0.528952329657242,-7.87336816920522
"HP1507101_C4",-1.14866301347987,-8.23520221843007
"HP1507101_C5",-0.995201318762467,-6.44675722254994
"HP1507101_C7",2.73158040712102,7.3692036615443
"HP1507101_C8",-1.19002219965236,-8.0586871160436
"HP1507101_D1",-1.44255682756679,-5.4459728254247
"HP1507101_D10",12.4823141402982,-9.73824587001088
"HP1507101_D12",-1.73196336557643,-7.74269666804555
"HP1507101_D14",-1.87216541101711,-8.35565939082387
"HP1507101_D15",-1.72626253893153,-8.265366937058
"HP1507101_D17",-1.85684224893825,-8.11705961360219
"HP1507101_D18",-0.518711536429093,-7.0377263082433
"HP1507101_D2",-1.32731196214931,-8.14245882167104
"HP1507101_D22",2.97375264833195,7.05270299778697
"HP1507101_D23",2.62680426309331,7.06815252171275
"HP1507101_D3",2.96730580995305,7.11555299626109
"HP1507101_D5",-1.7724613838412,-8.4331554426122
"HP1507101_D6",2.55757597158177,7.35244760380504
"HP1507101_D8",-1.30633899500148,-7.61260976924184
"HP1507101_E10",-0.622739522955582,-7.33820238246205
"HP1507101_E12",-0.701828687689469,-7.6968854917455
"HP1507101_E14",2.65650251577122,7.14385518894908
"HP1507101_E2",-1.29525396158473,-8.7599057210851
"HP1507101_E20",-0.0712687664248204,-7.55531540049794
"HP1507101_E24",-0.722202747366593,-7.60538091792348
"HP1507101_E6",-1.23141118814723,-7.5761841787267
"HP1507101_E7",-0.678840368292496,-8.07952060832265
"HP1507101_E8",-1.74965450098293,-8.36076917781117
"HP1507101_E9",-0.39779624273555,-8.03251543177846
"HP1507101_F1",-0.721854179403946,-8.42444887294057
"HP1507101_F10",-7.74906346132533,12.2742005334925
"HP1507101_F11",2.971099645593,7.13729009495494
"HP1507101_F12",-7.91887184908168,12.1638213144374
"HP1507101_F13",-0.525537221930191,-8.49205961360219
"HP1507101_F14",3.04044798085912,7.00326833592174
"HP1507101_F15",8.87333110044225,2.80012616978404
"HP1507101_F16",-1.86030623247401,-8.30760755671742
"HP1507101_F18",-0.393571107886002,-7.54902496470693
"HP1507101_F19",-0.546613185904191,-8.28472223414662
"HP1507101_F2",-1.84124419023769,-8.15074243678334
"HP1507101_F20",-1.06554171373622,-7.42063799037221
"HP1507101_F22",-0.314391940138504,-7.93043747081044
"HP1507101_F23",2.9813660688184,7.01730642185924
"HP1507101_F3",-1.35533258249538,-8.53920927180531
"HP1507101_F4",3.06922510335667,7.26947316990611
"HP1507101_F5",-0.131928055784867,-8.33300104274037
"HP1507101_F7",-0.304908483526871,-7.90285482539418
"HP1507101_F8",-1.25630399515407,-7.23607387675527
"HP1507101_G10",9.03861382673009,3.14648256169078
"HP1507101_G12",-0.794708221457169,-7.29879465235951
"HP1507101_G13",-1.32168456842677,-8.35042038096669
"HP1507101_G14",-0.770920007727311,-7.93155851496938
"HP1507101_G15",-1.16022869875209,-8.11632051600697
"HP1507101_G16",-1.34807273676173,-7.30406561030629
"HP1507101_G18",-0.878358333609269,-8.3109516157079
"HP1507101_G22",-0.64149638941066,-7.08651628627065
"HP1507101_G23",-1.51934406091945,-7.52816572322133
"HP1507101_G6",-0.230266302130387,-8.2455219282079
"HP1507101_G8",-0.439670651457474,-8.38803901805165
"HP1507101_H1",-1.85635539819972,-7.81012811793568
"HP1507101_H11",-0.705580919287369,-6.78723516597035
"HP1507101_H12",-0.459951847098038,-6.77136840953114
"HP1507101_H14",-1.2741977863528,-8.09063425196889
"HP1507101_H15",-0.797179906866715,-7.91008606089833
"HP1507101_H16",8.56055834958775,2.71139345036265
"HP1507101_H17",3.05856660077794,7.11069211827037
"HP1507101_H22",-0.64399620821254,-7.95201053752187
"HP1507101_H23",-1.81510206987636,-8.05373706950429
"HP1507101_H3",-0.225830286047623,-8.37550201548818
"HP1507101_H4",2.62267986009343,7.10671148167369
"HP1507101_H5",-1.14895030786769,-8.0800756467748
"HP1507101_H6",-0.424850075743363,-7.19663515223744
"HP1507101_H7",-1.69150015642421,-8.42251958979848
"HP1507101_H9",-1.00104591181056,-6.88106622828725
"HP1507101_I11",-0.777182310125992,-6.73273267878774
"HP1507101_I12",2.93289008805974,7.14291295872447
"HP1507101_I13",-1.10399481584804,-8.76152982844594
"HP1507101_I16",-1.80875560571925,-8.1877154363561
"HP1507101_I17",-1.17487427522914,-8.25082101954701
"HP1507101_I18",2.27585884998067,7.24114808903453
"HP1507101_I19",-1.84134694864528,-7.87009992732289
"HP1507101_I2",-0.641406744024918,-7.05231466426137
"HP1507101_I20",-1.00848552515285,-7.85535183085683
"HP1507101_I22",-0.0260806970812535,-7.31065883769277
"HP1507101_I4",-1.46547433664577,-8.64771356715443
"HP1507101_I5",-1.7659072571017,-8.01697340144399
"HP1507101_I6",-0.414324372313187,-7.87201442851308
"HP1507101_I8",-1.56816527178066,-7.47382154597524
"HP1507101_J1",-1.09511181642787,-6.77223577632192
"HP1507101_J11",-1.14503833582179,-8.46334209574941
"HP1507101_J13",-0.92697903444545,-8.43503751887563
"HP1507101_J15",8.75134852597935,2.76513395176646
"HP1507101_J17",-0.520565240881607,-7.11070766581777
"HP1507101_J18",-1.33815190126674,-8.31666078700307
"HP1507101_J19",2.80677643487675,7.04294690953014
"HP1507101_J2",-0.564364879629776,-7.75493326319936
"HP1507101_J20",3.19997564027531,7.32964429722545
"HP1507101_J21",-1.14543244173305,-7.32806530131581
"HP1507101_J22",-0.456574171087906,-7.95433797969106
"HP1507101_J23",-0.96441218187587,-6.98953571452382
"HP1507101_J24",-0.885022609732316,-6.46164264811757
"HP1507101_J3",-1.15862247278468,-6.03937282695058
"HP1507101_J5",-1.02128478815334,-8.45941295756581
"HP1507101_K15",2.90555504033787,7.15892515049693
"HP1507101_K16",8.64447024533971,2.85021505223033
"HP1507101_K23",3.04450526902898,7.19777974949596
"HP1507101_K3",-0.791432350180314,-6.64992513789418
"HP1507101_K4",-1.07742234995143,-7.77854385508778
"HP1507101_K8",-0.360473125479386,-8.28428974284413
"HP1507101_L11",-0.91224047472255,-7.81093969477895
"HP1507101_L14",-1.88270208170192,-8.40252962245229
"HP1507101_L16",3.09087494085057,7.10050020085094
"HP1507101_L18",-0.280282943747208,-8.36135616435292
"HP1507101_L19",-0.997625558874772,-7.63103237284902
"HP1507101_L2",-1.67838904192226,-8.28563776149037
"HP1507101_L21",-1.05845209886806,-8.1938771261144
"HP1507101_L22",3.09558776090367,7.05573663578746
"HP1507101_L23",-7.45124337007777,12.2506028162074
"HP1507101_L24",2.50871911714299,7.06510267124889
"HP1507101_L3",-1.68114015390651,-8.06415119303944
"HP1507101_L4",-7.72273060610072,12.357821558578
"HP1507101_L5",-1.1116149120547,-8.82375278605702
"HP1507101_L7",-0.547938077948258,-7.74804964198354
"HP1507101_M12",-0.0121581249453282,-8.4431799901891
"HP1507101_M18",-1.47707816889064,-8.42186346186879
"HP1507101_M2",-0.305810182593033,-8.57115163935902
"HP1507101_M22",-12.3305949859835,2.51050028668162
"HP1507101_M4",-0.466695993445084,-7.66411295069936
"HP1507101_M8",3.00110235879643,7.3298798547816
"HP1507101_N1",12.5313701934598,-9.79465952052358
"HP1507101_N13",3.15161064336522,7.37162504063365
"HP1507101_N16",-1.81531473924892,-7.89627351893666
"HP1507101_N19",-1.51749107172267,-8.4303592695165
"HP1507101_N2",-1.78109833528774,-8.58122720851186
"HP1507101_N20",-0.829507797262833,-7.38254251612904
"HP1507101_N4",2.84754088590367,-10.6592988027501
"HP1507101_N5",3.07123258779271,7.06318197117564
"HP1507101_N6",2.57846346566899,7.29406366215465
"HP1507101_N8",8.59825661847813,2.71853527889964
"HP1507101_N9",-0.830685585043595,-7.19461717738393
"HP1507101_O1",-1.59618875314967,-7.95157041682485
"HP1507101_O11",-1.52549859812038,-8.61817731990102
"HP1507101_O12",8.3195534057401,2.61026987896678
"HP1507101_O13",-1.80105945398586,-7.91740026606801
"HP1507101_O14",3.07363835046513,7.09101400242564
"HP1507101_O16",-1.5093679123141,-8.32065096034291
"HP1507101_O19",2.81823054025395,7.47764501438853
"HP1507101_O20",-1.58489605715053,-8.23170890940907
"HP1507101_O22",-0.192245452902482,-8.35582056178334
"HP1507101_O23",-7.70776936342494,12.1630230890345
"HP1507101_O3",3.17514696786626,7.20740518437144
"HP1507101_O5",-1.47812244226711,-8.06442155970815
"HP1507101_O8",2.78953841397984,7.23211965428111
"HP1507101_P1",8.63912347028477,2.57343444691417
"HP1507101_P10",-1.10319539835231,-8.53012313975575
"HP1507101_P12",-0.641768901846573,-8.63780584468129
"HP1507101_P2",2.737093121507,7.14332113133189
"HP1507101_P21",-7.55457684328334,12.2673531519007
"HP1507101_P23",-1.09820648958461,-7.57248630656484
"HP1507101_P3",-1.20447274973171,-7.92630186213735
"HP1507101_P4",-1.01281616022365,-7.06052103175404
"HP1507101_P5",-0.864944427511857,-6.30192842616322
"HP1507101_P8",-1.26086565782802,-8.52642336024526
"HP1508501T2D_A10",2.67861285875066,10.8068104730677
"HP1508501T2D_A12",0.99462261865361,-7.03918447627309
"HP1508501T2D_A13",1.43727773497327,-6.92015829219106
"HP1508501T2D_A14",0.667814285256698,-7.06630649699452
"HP1508501T2D_A15",1.93377652833684,-7.28997984065297
"HP1508501T2D_A16",0.947165638902023,-7.86280241145375
"HP1508501T2D_A17",7.7987842864774,2.95820674763438
"HP1508501T2D_A19",-11.9378547363497,0.613060568435164
"HP1508501T2D_A3",0.484926611878707,-7.53580942286733
"HP1508501T2D_A4",2.05972310970052,-7.28095855845693
"HP1508501T2D_A7",8.7891316718839,4.09710035191295
"HP1508501T2D_B10",-11.809536903403,0.545549367530318
"HP1508501T2D_B11",1.26811018655522,-6.95756902827504
"HP1508501T2D_B12",0.278200776078537,-6.64649620188954
"HP1508501T2D_B15",0.839038700558975,-7.56165495051625
"HP1508501T2D_B16",2.50844881007893,7.3371287332606
"HP1508501T2D_B17",7.56341603467686,2.22827277050731
"HP1508501T2D_B18",7.58495190808995,2.80085835324046
"HP1508501T2D_B19",7.55962088773473,2.88572893009898
"HP1508501T2D_B20",2.75383606622441,7.82686624394176
"HP1508501T2D_B23",0.863500685193374,-7.22432985438588
"HP1508501T2D_B3",2.01901424000485,-7.07921972407582
"HP1508501T2D_B4",-0.778712242148087,-7.02541580332997
"HP1508501T2D_B5",1.02308473060353,-6.48980989588979
"HP1508501T2D_B8",1.17917874524815,-6.89829816951039
"HP1508501T2D_B9",1.13051143357976,-6.83200922145131
"HP1508501T2D_C10",0.648992330529525,-7.29846563472035
"HP1508501T2D_C11",8.02283290097935,2.55016074047801
"HP1508501T2D_C13",2.01667332718594,-7.03542032374623
"HP1508501T2D_C14",2.56016925046666,11.0827609048915
"HP1508501T2D_C15",7.6970472640775,2.00193104611156
"HP1508501T2D_C16",-8.52003857424037,12.1567860590052
"HP1508501T2D_C17",2.16995003888829,7.74429235325572
"HP1508501T2D_C18",7.63771727750523,3.08730325566051
"HP1508501T2D_C19",9.15483906934483,2.55457339154002
"HP1508501T2D_C2",7.78486111829503,3.23552474842784
"HP1508501T2D_C20",-0.155617087385819,-6.83457412852528
"HP1508501T2D_C23",0.428992063500717,-7.98238792552235
"HP1508501T2D_C4",2.6123978204511,10.8994208322596
"HP1508501T2D_C8",-8.35878750612514,12.120477770431
"HP1508501T2D_D1",0.995358199574783,-6.39206972254994
"HP1508501T2D_D10",1.96658966014607,-7.34716692103627
"HP1508501T2D_D11",-1.7638947658755,-8.11944904460194
"HP1508501T2D_D13",1.05883050034268,-7.03643026484731
"HP1508501T2D_D14",0.840404302575424,-7.45717992915395
"HP1508501T2D_D15",-7.71944329073207,12.2582045541835
"HP1508501T2D_D16",0.893782169320419,-6.57518949641469
"HP1508501T2D_D17",1.44152578035815,-7.52344122065785
"HP1508501T2D_D2",2.16112276981099,-6.94144430293324
"HP1508501T2D_D20",1.83866429398282,-6.9562677396703
"HP1508501T2D_D21",2.06701287696584,-7.0079902662206
"HP1508501T2D_D22",7.42200186918004,2.58009085522411
"HP1508501T2D_D3",1.35420942375882,-7.25539865626576
"HP1508501T2D_D5",1.11094528506024,-7.08221664561513
"HP1508501T2D_D6",1.31157931754811,-6.73127975596669
"HP1508501T2D_D8",1.83374029467328,-7.09975566996816
"HP1508501T2D_E10",1.09824040601475,-7.36990537776235
"HP1508501T2D_E11",7.56606152723058,3.0095935808253
"HP1508501T2D_E12",0.801212520100906,-7.62449827327016
"HP1508501T2D_E13",1.56410727998687,-7.72133245600942
"HP1508501T2D_E14",0.527042061784103,-7.11650552882436
"HP1508501T2D_E15",7.44686368177159,2.75610098706004
"HP1508501T2D_E16",7.58532574842198,1.53984317646739
"HP1508501T2D_E17",7.66402819822057,1.74673781262157
"HP1508501T2D_E18",-0.0880521230913853,-7.03424635066274
"HP1508501T2D_E19",0.290279180505111,-7.00500097407582
"HP1508501T2D_E2",1.40248031983598,-7.32999076976064
"HP1508501T2D_E21",1.10795861551984,-7.77528705729726
"HP1508501T2D_E22",1.95597449014409,-7.14409055842641
"HP1508501T2D_E23",0.855636686780288,-7.96120109690907
"HP1508501T2D_E6",1.79271192918046,-7.15379324092152
"HP1508501T2D_E7",7.9361658401273,2.31232485638377
"HP1508501T2D_E8",0.534787327744796,-7.14487114085439
"HP1508501T2D_E9",8.24431088636143,2.46920952664134
"HP1508501T2D_F1",2.73366549680455,10.8096495615077
"HP1508501T2D_F11",-11.7687329941012,0.52451822624919
"HP1508501T2D_F12",7.8902411765836,3.17680606709239
"HP1508501T2D_F15",8.40918877790196,2.5790139185023
"HP1508501T2D_F16",1.69388531217797,-7.71841039790395
"HP1508501T2D_F17",1.7926490164779,-6.72343244685414
"HP1508501T2D_F18",1.51017712498529,-7.55010547770741
"HP1508501T2D_F2",0.841456503369644,-7.14802732600453
"HP1508501T2D_F20",0.356071025826767,-7.74680318965199
"HP1508501T2D_F23",-0.96900317003505,-6.05358257426503
"HP1508501T2D_F3",2.56979873845799,10.8077460275721
"HP1508501T2D_F4",7.77072241971715,3.05360469685313
"HP1508501T2D_F5",8.3388986892484,1.97969708309886
"HP1508501T2D_F7",2.57615974614842,10.9448319421839
"HP1508501T2D_F8",8.42852118680699,3.92407045231578
"HP1508501T2D_F9",0.856674224831893,-6.78761663569692
"HP1508501T2D_G1",8.31319621274693,2.70621499882457
"HP1508501T2D_G10",1.36140886018498,-7.2101797117162
"HP1508501T2D_G11",2.06732544372304,-7.06661453379872
"HP1508501T2D_G13",7.7851238555692,1.283465717895
"HP1508501T2D_G14",7.58588269422276,2.62414202557323
"HP1508501T2D_G15",1.02616331050618,-6.74636926783803
"HP1508501T2D_G2",7.67653468320592,2.89038715229747
"HP1508501T2D_G20",0.934799224831893,-6.79352560176137
"HP1508501T2D_G21",1.41422063181622,-7.57404937876943
"HP1508501T2D_G22",-12.2620191269137,0.663320873839828
"HP1508501T2D_G3",7.60926106641515,2.46296343670604
"HP1508501T2D_G4",1.06101939151509,-7.5474223150182
"HP1508501T2D_G5",2.52616748283131,11.2513447748255
"HP1508501T2D_G6",1.85840740869267,-7.3083299650121
"HP1508501T2D_H10",1.75049506197198,-7.14971342219594
"HP1508501T2D_H11",-8.52060601045863,12.1970091806483
"HP1508501T2D_H13",7.69311383435948,1.91608986721751
"HP1508501T2D_H14",8.26035884092076,1.92158112393138
"HP1508501T2D_H15",-1.86739846994655,-4.19808831347707
"HP1508501T2D_H17",7.85497096250279,3.14352712498424
"HP1508501T2D_H18",-11.8849839859225,0.4977584825587
"HP1508501T2D_H21",1.67782237450106,-7.67605867518666
"HP1508501T2D_H22",-0.09732291033046,-3.33171858920339
"HP1508501T2D_H23",1.39382873544915,-6.6239570630956
"HP1508501T2D_H3",0.682801753976181,-7.33111181391957
"HP1508501T2D_H4",0.763089866139724,-7.35254755152943
"HP1508501T2D_H6",1.40903389523251,-7.50437917842152
"HP1508501T2D_I1",7.80274966428502,1.85544595585582
"HP1508501T2D_I11",8.36781600187047,3.14278755055186
"HP1508501T2D_I12",7.7800870246671,1.88515362606761
"HP1508501T2D_I13",8.71418240735753,2.97408494816539
"HP1508501T2D_I14",2.01940372655614,-7.04207553996327
"HP1508501T2D_I15",0.899713189103439,-7.06480159892323
"HP1508501T2D_I16",1.20954021880849,-7.71878662242177
"HP1508501T2D_I17",8.13029864499791,1.79121074543712
"HP1508501T2D_I18",-8.49383732607143,12.0808440195155
"HP1508501T2D_I2",0.751625031926467,-9.19619932307485
"HP1508501T2D_I20",1.43822225252612,-7.47886362208608
"HP1508501T2D_I21",7.5700507468961,2.25088176594493
"HP1508501T2D_I22",-0.0638781481005406,-6.76321020259145
"HP1508501T2D_I23",-8.27932545473354,12.279488657577
"HP1508501T2D_I4",7.62803939054234,1.96420774327037
"HP1508501T2D_I8",2.5627482242368,10.9283972726893
"HP1508501T2D_J1",1.10484567353947,-7.60893478526357
"HP1508501T2D_J11",7.73499205777867,2.33104953633067
"HP1508501T2D_J12",0.79329672525151,-7.95114460124257
"HP1508501T2D_J13",7.67191508481725,2.39592156277415
"HP1508501T2D_J14",7.54962876508458,2.41086683140514
"HP1508501T2D_J15",7.50397732923253,2.80129918919322
"HP1508501T2D_J16",7.43096545407994,2.49974570141551
"HP1508501T2D_J17",-0.0857033424593663,-7.46493902339223
"HP1508501T2D_J18",-8.38873192598598,12.0680676446986
"HP1508501T2D_J20",1.56135037005393,-7.45501079692128
"HP1508501T2D_J21",0.385624796845748,-6.61969652308705
"HP1508501T2D_J22",7.60255530545933,2.64359674320933
"HP1508501T2D_J3",1.49297976935728,-7.31980266703847
"HP1508501T2D_J4",1.130598813989,-6.93762436045888
"HP1508501T2D_J5",0.990125388600662,-7.22542133464101
"HP1508501T2D_J6",2.56085804174168,10.7459221826625
"HP1508501T2D_J8",0.960564941861465,-7.63129749430898
"HP1508501T2D_J9",1.32256935606225,-7.47021713389638
"HP1508501T2D_K1",1.81760710547192,-7.24790611399892
"HP1508501T2D_K12",1.09483763644917,-7.11107196940663
"HP1508501T2D_K14",1.32695524463876,-6.98736133708241
"HP1508501T2D_K15",7.52314141462071,1.07024178372142
"HP1508501T2D_K16",-11.7871789627291,0.586290095908614
"HP1508501T2D_K17",2.05589559743626,-7.14183654917958
"HP1508501T2D_K18",12.5810661620878,-9.83962431086781
"HP1508501T2D_K19",1.52581571670695,-7.48917665614369
"HP1508501T2D_K2",7.58405163953526,2.31728825436351
"HP1508501T2D_K21",0.48313477704747,-7.00224866999867
"HP1508501T2D_K22",7.66739609906895,1.4461763845515
"HP1508501T2D_K23",7.67563012311681,2.63927349911449
"HP1508501T2D_K3",7.81520703504308,3.2750531183314
"HP1508501T2D_K4",1.79813750157578,-7.42168417109731
"HP1508501T2D_K7",7.67342665860875,2.61102638111827
"HP1508501T2D_K9",1.14556983182652,-6.75490751399281
"HP1508501T2D_L11",7.9543829269193,3.3392415987086
"HP1508501T2D_L13",0.42592886159642,-7.53625049723866
"HP1508501T2D_L14",0.827464849450424,-7.6282967580724
"HP1508501T2D_L16",1.96603933046086,-7.12278452052358
"HP1508501T2D_L17",1.58743816683514,-7.65031662120107
"HP1508501T2D_L18",1.00453868577702,-6.88464632167104
"HP1508501T2D_L20",8.15691903302891,2.18054661617992
"HP1508501T2D_L21",8.44367936322911,2.9147506700587
"HP1508501T2D_L23",7.89836505124791,1.65017614231822
"HP1508501T2D_L5",8.53632929990514,2.97423133717296
"HP1508501T2D_L6",1.37293239007218,-7.82941331996205
"HP1508501T2D_L7",1.64017643103822,-7.69987526072743
"HP1508501T2D_L9",7.53933909604771,2.36422285900828
"HP1508501T2D_M12",0.0131324834607387,-6.69694986476186
"HP1508501T2D_M14",2.49550333688481,10.855362032516
"HP1508501T2D_M15",7.74865391919835,2.41713557110545
"HP1508501T2D_M17",8.04074338147862,2.52936301098582
"HP1508501T2D_M19",1.19412738154156,-6.90118875636342
"HP1508501T2D_M20",1.08611780474408,-6.9426540388036
"HP1508501T2D_M22",7.75679972837193,2.5660539613795
"HP1508501T2D_M23",7.77708676526768,2.53436503277537
"HP1508501T2D_M3",7.60333731839879,2.10720381603953
"HP1508501T2D_M4",0.665947765805557,-6.87574091090443
"HP1508501T2D_M5",1.00651541421635,-6.25032940043691
"HP1508501T2D_M8",0.749277562596633,-7.90874233378652
"HP1508501T2D_M9",1.73186954925282,-7.69079008235219
"HP1508501T2D_N1",7.72200587461217,3.25186261997935
"HP1508501T2D_N10",7.97721770475133,2.36410603390453
"HP1508501T2D_N11",-0.0412397079683995,-7.54708662165883
"HP1508501T2D_N15",7.74477389524205,2.41308030949351
"HP1508501T2D_N17",7.68472817609532,3.12061223850963
"HP1508501T2D_N18",-12.4274787597872,0.934710358245345
"HP1508501T2D_N19",7.69706967542393,3.11689481602428
"HP1508501T2D_N2",7.82349208066685,1.83914360867259
"HP1508501T2D_N20",0.3649041957639,-7.14464178218129
"HP1508501T2D_N22",7.90896657178624,2.70153889523265
"HP1508501T2D_N23",7.91588452527745,1.63545331822154
"HP1508501T2D_N4",1.6072279743336,-7.49450721873525
"HP1508501T2D_N5",-1.7261328392245,-4.49898281230214
"HP1508501T2D_N6",7.5738292045377,2.57552108631847
"HP1508501T2D_N7",7.7153725929044,3.20896158085582
"HP1508501T2D_N8",7.8078985519193,2.52859196530101
"HP1508501T2D_N9",7.82431557843907,3.17598781452891
"HP1508501T2D_O1",0.795080394246414,-7.31325760020497
"HP1508501T2D_O12",7.95355370710118,3.2652464853358
"HP1508501T2D_O14",1.24231240222676,-6.8349207891393
"HP1508501T2D_O3",7.58517411420567,2.33116278515575
"HP1508501T2D_O4",2.76800027559026,10.8036862360072
"HP1508501T2D_O8",7.78577759931309,1.34702167378184
"HP1508501T2D_O9",7.74370291898473,2.29912886486766
"HP1508501T2D_P11",0.708660692670181,-7.8829263700414
"HP1508501T2D_P3",1.12399643728955,-7.37251987590077
"HP1508501T2D_P4",-12.1156511001803,0.427641128165694
"HP1508501T2D_P6",1.7089850015424,-7.22920885218861
"HP1508501T2D_P7",1.08891820976956,-7.584458733933
"HP1508501T2D_P8",0.956533462502792,-7.4289878858495
"HP1508501T2D_P9",1.30568821797593,-7.5578941358495
"HP1509101_A3",-0.371101825735733,-8.57128896846059
"HP1509101_A7",-0.999887435934708,-9.09483327998402
"HP1509101_A8",9.15904668042882,2.86778840885875
"HP1509101_B10",-0.544129102728531,-8.60903921260121
"HP1509101_B13",2.90352240274174,6.90736207829234
"HP1509101_B19",8.8012428588651,3.12058124409434
"HP1509101_B20",-1.58408233454005,-8.86697998179677
"HP1509101_B23",7.98853209684117,2.17966351376292
"HP1509101_C21",8.78082993695958,3.11927947865245
"HP1509101_C22",-0.269082277319596,-8.70139112605336
"HP1509101_C23",2.71834352681859,6.89001188145396
"HP1509101_D17",8.37392810056432,3.18106183872935
"HP1509101_D18",2.96966973016484,7.11967096195933
"HP1509101_D19",-1.16566631128566,-7.28804817332509
"HP1509101_D22",-7.45114323427455,12.2059689508509
"HP1509101_D23",8.83016064832433,3.08675155506847
"HP1509101_D5",-0.510412900946305,-8.07314195765736
"HP1509101_D8",0.680937261082962,-7.85691442622426
"HP1509101_E19",-1.52298566629665,-8.5841974271703
"HP1509101_E22",2.8846488303922,6.88967332707164
"HP1509101_E3",7.33990481565221,0.655170534713241
"HP1509101_E4",-7.6788711242892,11.4882040964198
"HP1509101_F19",-0.0161809616305089,-8.85122480525258
"HP1509101_F21",-12.3349990539767,2.35987076626536
"HP1509101_F22",8.87243846128209,2.90521345005748
"HP1509101_F23",12.6200952834867,-9.87786378993276
"HP1509101_F4",-0.606513946554825,-8.33182420863393
"HP1509101_F7",8.83773329923375,3.11943969593761
"HP1509101_G16",-0.954232900641129,-9.02499475611928
"HP1509101_G18",-0.992622821829483,-7.40396633280995
"HP1509101_G19",-0.387918799421952,-8.5825490011144
"HP1509101_G9",2.70313909719212,6.96063814030406
"HP1509101_H1",2.81388571927769,-10.6261567129064
"HP1509101_H13",-7.34591194917934,12.2961312280726
"HP1509101_H20",7.94141057203038,1.30020460949657
"HP1509101_H21",-0.673104255697892,-8.91411199702504
"HP1509101_H22",-1.12494966318385,-8.91453876628163
"HP1509101_H23",-0.45276781847255,-8.1356643690038
"HP1509101_H7",-7.5049266510226,12.2975102411341
"HP1509101_I10",-1.35099837114589,-8.91427889003041
"HP1509101_I12",8.62991193006261,2.86441955433604
"HP1509101_I17",12.5683241195462,-9.82196893824818
"HP1509101_I21",0.480147034623458,-7.94172182215932
"HP1509101_I23",-1.30141326715724,-7.17745437754872
"HP1509101_I5",-1.46869274904506,-8.81086292399648
"HP1509101_J12",-1.2687091522433,-8.7333411230016
"HP1509101_J15",-0.381318419478104,-8.51796426905873
"HP1509101_J16",-7.47451874544399,12.09829721318
"HP1509101_J19",2.83682754705174,7.02281961308238
"HP1509101_J20",-0.770626752875016,-9.00810804499867
"HP1509101_J22",8.13675263593419,2.15384611950633
"HP1509101_J23",8.51398995588048,3.04659900532481
"HP1509101_J4",-0.960223882696793,-9.03557911051991
"HP1509101_J8",-1.17634126474635,-8.2578248037267
"HP1509101_J9",8.50513890454991,2.92753419743297
"HP1509101_K10",8.93172648618443,2.88054284916637
"HP1509101_K15",9.0457234687589,2.8670154558253
"HP1509101_K19",8.61447337339146,3.2380100236964
"HP1509101_K22",-0.613542526266739,-8.88495483531239
"HP1509101_K9",2.68704620073064,6.89885721073863
"HP1509101_L11",-0.425887315771744,-7.61400499476674
"HP1509101_L13",8.71568873594029,3.04770383702037
"HP1509101_L14",2.43404713342412,7.14693651066539
"HP1509101_L16",8.37079384992345,3.45972833500621
"HP1509101_L17",-0.621784894964859,-8.62754478587392
"HP1509101_L19",-7.57608124544399,12.0924845682215
"HP1509101_L23",-7.46428200533168,12.2182208047938
"HP1509101_L8",-2.06946346094386,-4.64294972552541
"HP1509101_M10",-0.175636618635819,-8.27884473933461
"HP1509101_M12",-0.329521267912552,-8.27795400752309
"HP1509101_N17",-1.11804863741176,-8.75290289057973
"HP1509101_N18",-0.899872987768815,-9.00354709758046
"HP1509101_N20",-0.301814406416581,-7.94276943339589
"HP1509101_N23",2.56747689912541,7.09643087254283
"HP1509101_N9",-1.07155558397548,-9.03586044444325
"HP1509101_O1",-7.57245537569301,12.2072564111781
"HP1509101_O13",-0.570319860479996,-8.18881025447133
"HP1509101_O14",8.98449900815709,2.96438035832164
"HP1509101_O16",-0.787957876227066,-9.03225650920155
"HP1509101_O18",2.37757566640599,7.18025979862926
"HP1509101_O4",-7.4336375885226,12.3184452997279
"HP1509101_O7",-1.82566162874477,-8.04086866511586
"HP1509101_O9",-1.15618583490627,-8.78321256770375
"HP1509101_P12",-7.60804077913539,12.1935473428797
"HP1509101_P17",8.72818377683385,2.97824535237071
"HP1509101_P18",-0.149154871008561,-8.52374353541615
"HP1509101_P20",-0.458234041235611,-8.90195360316518
"HP1509101_P4",-0.597097843191788,-7.43033495082143
"HP1509101_P8",8.13568404386266,1.48153862820384
"HP1509101_P9",8.57314351270421,2.71731934414622
"HP1525301T2D_A1",10.6658296890043,0.425880883796187
"HP1525301T2D_A11",-3.45936343004482,-5.11255684031728
"HP1525301T2D_A12",9.19606450269444,0.997292851073714
"HP1525301T2D_A13",8.36341145704015,0.674860452277633
"HP1525301T2D_A14",8.25438359449132,0.772654031379195
"HP1525301T2D_A15",9.32840684125645,0.861335133178206
"HP1525301T2D_A16",-11.2196597748019,1.00217137203929
"HP1525301T2D_A17",7.33751061628087,0.528097127540084
"HP1525301T2D_A19",10.4454756088041,0.529435251815291
"HP1525301T2D_A3",-3.152608840964,-6.22705450190785
"HP1525301T2D_A5",-3.56045767595546,-5.60171451701405
"HP1525301T2D_A6",-3.3260035209872,-6.1913603795934
"HP1525301T2D_A7",-9.07226940920131,11.7397042261195
"HP1525301T2D_A9",-3.78423306276576,-5.04325070513966
"HP1525301T2D_B1",-4.04426953127162,-5.57724228038075
"HP1525301T2D_B10",8.52399352262242,0.63638791905162
"HP1525301T2D_B11",-2.99870487978236,-5.52275552882436
"HP1525301T2D_B13",-3.998058765433,-5.71234264506581
"HP1525301T2D_B14",10.6222582168363,1.17836294041392
"HP1525301T2D_B15",2.68750432203038,-10.5115717901159
"HP1525301T2D_B18",-3.06357476045863,-6.16385212077382
"HP1525301T2D_B21",9.56108573148473,1.16574034558055
"HP1525301T2D_B24",9.31546929548009,0.278758500678512
"HP1525301T2D_B3",10.7032461471341,0.83407268391368
"HP1525301T2D_B4",-3.62336823274867,-4.41469874514821
"HP1525301T2D_B5",-11.0334701233126,0.790210460288497
"HP1525301T2D_B7",-4.01413676073329,-4.21353759898427
"HP1525301T2D_B8",-11.0856675796725,1.0246709333491
"HP1525301T2D_C1",-2.86967560579555,-5.71317663325551
"HP1525301T2D_C10",-3.26172444154994,-6.15554847850087
"HP1525301T2D_C11",10.5432358093045,0.618965958220931
"HP1525301T2D_C13",7.63606408307774,0.591522668464156
"HP1525301T2D_C15",9.32882741162999,0.750550483329268
"HP1525301T2D_C16",-3.96278855135219,-5.41034164561513
"HP1525301T2D_C17",9.24502852628453,0.642495249373885
"HP1525301T2D_C19",11.0923061675809,0.94310793743846
"HP1525301T2D_C2",-2.69863411714809,-5.36867370738271
"HP1525301T2D_C21",8.89183524320348,0.656277035338851
"HP1525301T2D_C22",10.8596325225614,1.01850948200938
"HP1525301T2D_C24",10.1738987273954,1.25268897877452
"HP1525301T2D_C3",8.79601481626256,0.468895529372664
"HP1525301T2D_C4",10.7073049850248,0.763267015082808
"HP1525301T2D_C5",-3.63577935030238,-5.81618728770497
"HP1525301T2D_C6",9.65765765378697,0.347232912642928
"HP1525301T2D_C8",-3.26548525621669,-5.09972467555287
"HP1525301T2D_C9",8.74517062375767,0.679265235526534
"HP1525301T2D_D1",7.65138104627354,0.884867046935531
"HP1525301T2D_D11",-3.46979042818324,-5.84236564769032
"HP1525301T2D_D12",-11.6625146560885,1.45910224781749
"HP1525301T2D_D14",8.7775817222379,0.598982308967086
"HP1525301T2D_D15",9.56157210538609,0.804842923743697
"HP1525301T2D_D19",-8.94228455354945,12.1695614801478
"HP1525301T2D_D2",9.98925402829869,0.433431719405623
"HP1525301T2D_D22",9.35462907026036,0.802869771583053
"HP1525301T2D_D23",4.18742087552769,10.0467282281947
"HP1525301T2D_D3",8.93509104917271,0.780482147796126
"HP1525301T2D_D4",10.2052669830106,0.78376386032817
"HP1525301T2D_D8",10.3329019851468,1.13511357174632
"HP1525301T2D_D9",-3.78493449022548,-5.278625871079
"HP1525301T2D_E1",-3.27305075456874,-4.68143024577382
"HP1525301T2D_E11",7.17828324506505,0.506243799788924
"HP1525301T2D_E13",-3.28969141771571,-4.69985046519521
"HP1525301T2D_E15",8.78056100080235,0.423103068931075
"HP1525301T2D_E16",-3.93803879549281,-4.82749118937734
"HP1525301T2D_E17",10.6011133498929,0.790033076865645
"HP1525301T2D_E19",-11.2594241790988,0.885568235976668
"HP1525301T2D_E22",-3.54350182344692,-6.16212263240102
"HP1525301T2D_E23",-2.63104769518153,-5.93818893565419
"HP1525301T2D_E3",-11.113736122153,0.730132673842879
"HP1525301T2D_E7",-3.44853445818202,-5.4637426389623
"HP1525301T2D_E8",-2.62564131548183,-2.48143127097371
"HP1525301T2D_F12",9.81451514432652,0.823462103469344
"HP1525301T2D_F15",3.89860323140843,10.0621815668177
"HP1525301T2D_F16",7.16306880185826,0.419305537803145
"HP1525301T2D_F19",-3.40353104402797,-5.76002969874623
"HP1525301T2D_F2",-2.89729162981288,-5.64544000758412
"HP1525301T2D_F21",10.5955267257474,0.32480058537242
"HP1525301T2D_F23",3.74751308629735,10.1832352624964
"HP1525301T2D_F4",-2.51052185823695,-5.23255815638783
"HP1525301T2D_F8",10.6986332244657,0.861957644088241
"HP1525301T2D_G1",-2.826503246329,-4.89737119807485
"HP1525301T2D_G10",8.73304560849889,0.479898069961043
"HP1525301T2D_G11",-4.02746388246791,-5.13568749560597
"HP1525301T2D_G13",10.4142866439603,0.352410052878829
"HP1525301T2D_G14",10.8651638335965,1.20553049908397
"HP1525301T2D_G15",-2.99899908830898,-5.45994367732289
"HP1525301T2D_G18",-3.15220877458827,-6.09790268077138
"HP1525301T2D_G19",-3.93092629244106,-4.4760455144811
"HP1525301T2D_G20",10.5000171966337,0.434765790564986
"HP1525301T2D_G21",10.774073631265,0.422615741355391
"HP1525301T2D_G22",-3.36282965471523,-5.60424795283559
"HP1525301T2D_G23",-11.4830102615573,1.4619701849055
"HP1525301T2D_G3",8.427403003671,0.540075396163436
"HP1525301T2D_G4",-3.58597752382533,-5.70218553675893
"HP1525301T2D_G5",9.94613555143101,0.533884738547774
"HP1525301T2D_G8",3.60940554807408,10.1979571329188
"HP1525301T2D_G9",11.061842948892,1.17102513180492
"HP1525301T2D_H1",10.776309997537,0.933938120467635
"HP1525301T2D_H10",3.86174777219517,9.18596849308726
"HP1525301T2D_H11",8.63115599820836,0.616950486762496
"HP1525301T2D_H12",-3.49035546114223,-4.63132062091115
"HP1525301T2D_H14",9.91726306150182,0.787305210692855
"HP1525301T2D_H16",9.80087569425328,0.36268231735942
"HP1525301T2D_H17",10.3198890990995,0.546076391799422
"HP1525301T2D_H18",10.2128773040555,0.710018251998397
"HP1525301T2D_H19",-4.05578562547939,-4.53664412631276
"HP1525301T2D_H2",10.0406894988797,0.399032448394271
"HP1525301T2D_H20",-4.08634039690273,-5.33725252284291
"HP1525301T2D_H23",-3.07404705812709,-6.17884912623647
"HP1525301T2D_H24",10.8454313583158,0.774362181289168
"HP1525301T2D_H3",9.09367182920201,0.688873623473617
"HP1525301T2D_H6",-3.72197815706508,-5.17188301219228
"HP1525301T2D_H7",-2.86488100816982,-6.18269195689443
"HP1525301T2D_I1",9.42107442090733,0.284861062629195
"HP1525301T2D_I10",9.37122872541173,0.716714595420333
"HP1525301T2D_I12",-2.92172190477626,-6.1830390943456
"HP1525301T2D_I15",10.4717054672025,0.451172088248702
"HP1525301T2D_I16",10.2405519790433,0.798806284530135
"HP1525301T2D_I17",9.15759614179356,0.334168885810348
"HP1525301T2D_I18",11.1228380508207,0.962464903457137
"HP1525301T2D_I19",8.83737185666783,0.556373928649398
"HP1525301T2D_I2",-3.7845372848727,-5.6337226880956
"HP1525301T2D_I21",-3.47997996141689,-5.67276277674916
"HP1525301T2D_I22",8.79655411908849,0.489551995856734
"HP1525301T2D_I23",8.84611085126622,0.26935419903514
"HP1525301T2D_I24",9.64445021817906,0.18250915871379
"HP1525301T2D_I3",8.03595021436436,0.710204814536544
"HP1525301T2D_I4",-3.45758435060756,-5.17821922435048
"HP1525301T2D_I5",-3.85321280290859,-4.32059397830251
"HP1525301T2D_I6",3.74508622358067,10.1622696863246
"HP1525301T2D_I7",-4.33380123903529,-4.81421890391591
"HP1525301T2D_I8",9.28003075788243,0.198905919654342
"HP1525301T2D_J1",-3.41067168047206,-4.80650773181203
"HP1525301T2D_J10",-9.17523190309779,11.9947358118129
"HP1525301T2D_J13",-3.44684550096767,-5.40123262538197
"HP1525301T2D_J14",-3.65362450411098,-5.15833559169057
"HP1525301T2D_J15",9.72292998502476,0.856949661834212
"HP1525301T2D_J18",-11.2868776016452,1.29225811825511
"HP1525301T2D_J19",-3.50961014559047,-5.32168617381337
"HP1525301T2D_J2",-3.50213810732143,-5.42565050257924
"HP1525301T2D_J20",7.39118102262242,0.570944999320479
"HP1525301T2D_J21",8.83814194867833,0.52446529732463
"HP1525301T2D_J4",-4.38891169359462,-4.90196743144277
"HP1525301T2D_J7",9.41378262708409,0.147729967696639
"HP1525301T2D_J8",-3.04299780657069,-5.86908426417592
"HP1525301T2D_J9",10.2803831405423,0.383637522323104
"HP1525301T2D_K1",11.1119308776639,0.988218639953109
"HP1525301T2D_K11",9.17100623319371,0.551043962104293
"HP1525301T2D_K12",8.56125071714146,1.21317801342723
"HP1525301T2D_K14",10.167908699014,0.534718369109603
"HP1525301T2D_K15",-4.38365742494838,-3.94999971522572
"HP1525301T2D_K16",9.76834395597203,0.804906223876449
"HP1525301T2D_K17",9.35405638883336,0.461886738402816
"HP1525301T2D_K18",9.21825650403722,0.538221214873763
"HP1525301T2D_K19",-4.09286686708705,-4.85264196528676
"HP1525301T2D_K2",10.4326486892484,0.518869374854537
"HP1525301T2D_K21",10.3661890334867,0.606689785582992
"HP1525301T2D_K22",-3.86336561968105,-5.28886594905141
"HP1525301T2D_K23",-3.396496265433,-5.66205873622182
"HP1525301T2D_K3",-3.58959481050746,-5.25647916926625
"HP1525301T2D_K6",8.47102359006627,0.620342467887374
"HP1525301T2D_L1",10.6704950637601,1.08713397846934
"HP1525301T2D_L13",10.9691105193876,1.05588540898082
"HP1525301T2D_L14",3.98721793363316,9.51208791599986
"HP1525301T2D_L15",-2.7762078933932,-5.81790151728871
"HP1525301T2D_L16",9.93140700528844,0.658122514350387
"HP1525301T2D_L17",3.88911369512303,9.94002637730357
"HP1525301T2D_L2",9.63745501706822,0.572588299376937
"HP1525301T2D_L20",10.6862154311918,0.850284908874007
"HP1525301T2D_L22",-3.81308075716274,-5.55525245799306
"HP1525301T2D_L23",8.80884507367833,0.478742455108138
"HP1525301T2D_L24",-3.41740414430873,-6.04143991603139
"HP1525301T2D_L4",10.7670383758329,1.03442153797862
"HP1525301T2D_L6",8.80419686506016,1.00219044552562
"HP1525301T2D_L9",-3.26517435838954,-5.84016695155385
"HP1525301T2D_M10",-3.43822190096156,-5.62602176799062
"HP1525301T2D_M11",8.75361540982945,0.481477354629012
"HP1525301T2D_M12",11.0811529464505,1.0706139551234
"HP1525301T2D_M13",-3.59824225237148,-4.59332885874989
"HP1525301T2D_M15",10.2056732482694,0.53757974968669
"HP1525301T2D_M16",-3.43832728197353,-5.36404409541371
"HP1525301T2D_M17",-8.90555092623012,12.0438853250575
"HP1525301T2D_M20",7.51176360318883,0.574892853362533
"HP1525301T2D_M22",8.73205950925572,2.01616678105113
"HP1525301T2D_M6",10.89075186918,1.01792225704906
"HP1525301T2D_M7",4.08243182370885,10.1279097543788
"HP1525301T2D_M8",-3.72310110857265,-5.61161556376698
"HP1525301T2D_M9",7.57417205045445,0.611367438895675
"HP1525301T2D_N1",9.55596450040562,0.144222115142318
"HP1525301T2D_N11",8.38043549726231,0.636993263823958
"HP1525301T2D_N12",9.43923428724034,0.162973855597945
"HP1525301T2D_N13",-3.44129177858608,-5.94490995539906
"HP1525301T2D_N14",10.9076376266263,1.04955634937999
"HP1525301T2D_N16",10.5940923995755,0.839448784453841
"HP1525301T2D_N18",3.71420458028538,10.0707722650599
"HP1525301T2D_N20",7.41732934186681,0.663001392943831
"HP1525301T2D_N21",-11.6602935486056,1.35214958058116
"HP1525301T2D_N23",-2.60719630052821,-6.18996133937123
"HP1525301T2D_N24",-2.93245693971889,-5.04082002772572
"HP1525301T2D_N3",3.55122974584325,10.2181807504725
"HP1525301T2D_N4",7.14978841016515,0.496147130591842
"HP1525301T2D_N5",10.8077431030057,0.451421831710311
"HP1525301T2D_N6",8.24442008207066,1.10809764729259
"HP1525301T2D_N7",2.76992240617497,-10.5862263692785
"HP1525301T2D_N8",-2.55185362627284,-5.44398107661488
"HP1525301T2D_N9",-2.80140587618129,-6.06663456095937
"HP1525301T2D_O11",-11.4887027435519,1.51809248791453
"HP1525301T2D_O13",-2.67173430254237,-5.63433923854115
"HP1525301T2D_O14",9.37984851072057,0.54842290745494
"HP1525301T2D_O16",7.54086926648839,0.572761748893233
"HP1525301T2D_O17",9.40078976819737,0.533487294776412
"HP1525301T2D_O18",-2.93698498537318,-5.2151755346227
"HP1525301T2D_O2",-8.80243298342006,11.8534832941127
"HP1525301T2D_O20",8.52921155164464,0.491713856322738
"HP1525301T2D_O22",10.9108925170682,0.977416132552596
"HP1525301T2D_O23",7.50755503843053,0.539833997352096
"HP1525301T2D_O24",10.3249540633939,0.494991515738936
"HP1525301T2D_O5",-3.67045208742397,-5.8507842077184
"HP1525301T2D_O6",2.60590222547276,-10.4411524785924
"HP1525301T2D_O7",7.21927693555577,0.46936378346202
"HP1525301T2D_P1",10.843316108682,0.639487718207808
"HP1525301T2D_P11",-2.75057074358241,-6.01912250651601
"HP1525301T2D_P13",9.64198497007115,0.147036408050033
"HP1525301T2D_P14",10.8103666610502,0.82256636486766
"HP1525301T2D_P15",12.5788841552518,-9.83593359126332
"HP1525301T2D_P17",-3.49510523607509,-6.03528967036488
"HP1525301T2D_P18",-3.64100357820766,-4.48144354953053
"HP1525301T2D_P19",10.0003767318509,0.880202864272567
"HP1525301T2D_P2",7.75080731580479,0.698643301589461
"HP1525301T2D_P20",9.2470527000211,0.582352732284041
"HP1525301T2D_P21",8.53424504468663,0.837365006072494
"HP1525301T2D_P22",-2.8116516761996,-5.82174053324941
"HP1525301T2D_P23",10.3130979842923,0.973859404189559
"HP1525301T2D_P24",-3.08317086031215,-6.05677309169057
"HP1525301T2D_P4",9.08045485685094,0.84515986309764
"HP1525301T2D_P5",10.9920749969266,0.616920565230819
"HP1525301T2D_P6",-3.12474343111293,-5.10927357806447
"HP1525301T2D_P8",-2.799581497214,-5.81047716273549
"HP1525301T2D_P9",-2.59720179369228,-5.44925823344472
"HP1526901T2D_A1",3.44890645215733,8.88631067143199
"HP1526901T2D_A10",-9.24844166567104,11.7359477029872
"HP1526901T2D_A11",10.4266100234769,1.65548071728465
"HP1526901T2D_A12",2.72003832528813,-10.5408667577672
"HP1526901T2D_A14",4.09026840398534,9.42429456578014
"HP1526901T2D_A15",-11.1546296768405,0.756296847922774
"HP1526901T2D_A16",-9.37541863252895,12.0963459955287
"HP1526901T2D_A17",-4.6102208786227,-4.19241705073598
"HP1526901T2D_A19",3.51623335550053,8.79384050236461
"HP1526901T2D_A2",3.87199953267796,8.97614297734019
"HP1526901T2D_A20",-11.9783582382418,1.58140478001353
"HP1526901T2D_A21",7.27679064939244,0.365673516852828
"HP1526901T2D_A22",-9.09956929018275,12.2279234872889
"HP1526901T2D_A24",9.4343028373502,1.33003053532359
"HP1526901T2D_A3",-3.66994616319911,-3.90621462001088
"HP1526901T2D_A4",-9.46322438051479,11.9497567163539
"HP1526901T2D_A5",3.76564338872655,10.0770293222499
"HP1526901T2D_A7",-2.96754547884242,-5.57678070201161
"HP1526901T2D_A8",-4.44624611665981,-4.07170882357839
"HP1526901T2D_A9",-4.53103873064296,-4.54660120143178
"HP1526901T2D_B1",3.80709508130772,9.73047456608531
"HP1526901T2D_B10",3.98037317464574,9.58106717930553
"HP1526901T2D_B11",-4.64531990816371,-4.23932113780263
"HP1526901T2D_B12",-3.82419583132045,-3.99243488444569
"HP1526901T2D_B13",-11.0714235000827,0.92444977627513
"HP1526901T2D_B14",-3.74894282152431,-4.19294777049306
"HP1526901T2D_B17",-4.55224940111415,-3.49087991847279
"HP1526901T2D_B18",-9.03884789278285,11.9569951044154
"HP1526901T2D_B20",-3.38840338518398,-2.86663379801991
"HP1526901T2D_B23",7.22795203397496,0.457780693633529
"HP1526901T2D_B24",9.46061089704259,1.35128364430186
"HP1526901T2D_B3",8.57577708432896,0.983721827132674
"HP1526901T2D_B4",3.98553541372044,9.5989228235316
"HP1526901T2D_B5",9.66776374051793,1.64252409802196
"HP1526901T2D_B6",-9.51141640474574,11.8259249673915
"HP1526901T2D_B7",-9.17314621736781,12.2844916330409
"HP1526901T2D_B9",3.74349454114659,9.5948887811732
"HP1526901T2D_C1",-9.55021855165736,12.1837054239344
"HP1526901T2D_C10",4.03657534787877,9.76540670262096
"HP1526901T2D_C11",3.42015162179692,8.95845327244517
"HP1526901T2D_C13",-11.1518850021579,0.670757745368453
"HP1526901T2D_C14",9.98258212278111,1.24133763180492
"HP1526901T2D_C15",-9.45060822298305,12.1163407312464
"HP1526901T2D_C16",-3.30595156481044,-4.99334945811513
"HP1526901T2D_C17",3.84201696584447,8.86012563572642
"HP1526901T2D_C19",-11.3812150650241,1.37686953411815
"HP1526901T2D_C2",-4.50544974138515,-4.47202577723744
"HP1526901T2D_C20",8.78591206739171,1.03607663975474
"HP1526901T2D_C22",9.15092280576451,0.966784809691878
"HP1526901T2D_C23",9.52035382459386,1.40147886143443
"HP1526901T2D_C24",-9.5522784881808,11.7591486917567
"HP1526901T2D_C3",3.770007640817,8.8487425790858
"HP1526901T2D_C4",-4.0847344093539,-4.47139730586293
"HP1526901T2D_C6",-3.70277258684413,-4.26810279025319
"HP1526901T2D_D1",-3.97682377626674,-4.81776156558278
"HP1526901T2D_D10",-11.3063926391818,1.19230899677989
"HP1526901T2D_D12",9.53609278867467,1.54948816166637
"HP1526901T2D_D14",-10.96982285311,1.19939670429942
"HP1526901T2D_D16",-4.7193197899081,-3.85821809901479
"HP1526901T2D_D17",3.96199825475438,9.94830903874156
"HP1526901T2D_D18",-2.66314265062587,-5.32943048609975
"HP1526901T2D_D19",3.7322125739835,9.07821283207652
"HP1526901T2D_D2",7.35689404676183,0.533311341865035
"HP1526901T2D_D21",-9.50769326021449,12.1030846582484
"HP1526901T2D_D22",10.6126480407499,1.4973934637141
"HP1526901T2D_D24",-7.80800339510219,10.9885111795497
"HP1526901T2D_D3",8.66370108793004,1.06524786816356
"HP1526901T2D_D4",10.5517349548124,1.5425947652888
"HP1526901T2D_D5",-2.90951582720058,-4.30115142001393
"HP1526901T2D_D8",-3.83807751467006,-4.28209843768361
"HP1526901T2D_D9",-4.136402099631,-4.02192988528493
"HP1526901T2D_E1",10.7828789062284,1.39321431980846
"HP1526901T2D_E10",-11.084176986716,0.748990868194076
"HP1526901T2D_E11",4.01099875638707,9.25582799778697
"HP1526901T2D_E14",10.9699096984647,1.02504477368114
"HP1526901T2D_E18",-4.70001694490688,-4.32563820018056
"HP1526901T2D_E19",-9.07807347109096,11.9303771005702
"HP1526901T2D_E2",3.75043395230992,9.18238839970348
"HP1526901T2D_E20",-8.99123665621059,11.9470816598963
"HP1526901T2D_E21",-9.24897953798549,12.2175122247767
"HP1526901T2D_E22",10.0618343658231,0.972642038924666
"HP1526901T2D_E23",9.35556510160191,1.38127932415721
"HP1526901T2D_E3",-8.97659966280238,12.0502682672572
"HP1526901T2D_E4",-11.0099801712252,0.93254885540721
"HP1526901T2D_E5",-11.4157886200167,1.41530761585948
"HP1526901T2D_E6",-3.52179810335414,-4.34706916941884
"HP1526901T2D_E8",-4.32159563829677,-5.22498598231557
"HP1526901T2D_E9",9.3287144012235,1.35562810765025
"HP1526901T2D_F1",-4.14706942369716,-4.16097703112843
"HP1526901T2D_F10",-4.29126450350063,-3.62675490512135
"HP1526901T2D_F12",-11.3202600174166,1.1891795145106
"HP1526901T2D_F15",7.31570056150182,0.380807851417037
"HP1526901T2D_F16",9.82361319730504,1.54222926960704
"HP1526901T2D_F17",4.17759612272008,9.58524427281139
"HP1526901T2D_F18",4.00985577771886,10.1171685205531
"HP1526901T2D_F19",-4.63730856706874,-3.89667525424245
"HP1526901T2D_F2",-4.28195854952113,-4.72377886904958
"HP1526901T2D_F20",-4.27241083910243,-4.72046771182301
"HP1526901T2D_F21",-4.29847332765834,-3.65182008876088
"HP1526901T2D_F22",7.18463614652379,0.385768746001693
"HP1526901T2D_F23",-9.47057911684291,12.204649065597
"HP1526901T2D_F24",9.35558560559972,1.11387500630138
"HP1526901T2D_F3",-3.28828760912196,-5.19968500270131
"HP1526901T2D_F5",4.01871469686253,9.74848184452769
"HP1526901T2D_F7",-11.4578923874118,1.37832531796214
"HP1526901T2D_F8",7.24162724683507,0.373299215896102
"HP1526901T2D_F9",-4.08240315248744,-4.71080865992787
"HP1526901T2D_G1",-11.4053430252291,1.15733656750438
"HP1526901T2D_G10",-4.27345463564174,-5.23559513224843
"HP1526901T2D_G13",-4.63992449571864,-4.26344361438039
"HP1526901T2D_G14",-4.63163039018886,-4.22632398738149
"HP1526901T2D_G16",-3.79648682405727,-4.44161572589162
"HP1526901T2D_G17",3.62987712095006,8.98835096226451
"HP1526901T2D_G18",-3.84738442232387,-5.19526806010487
"HP1526901T2D_G19",-11.2993364029147,1.36629185543773
"HP1526901T2D_G2",-8.96886250307338,11.8918848978114
"HP1526901T2D_G21",3.98401907155736,9.32373056278941
"HP1526901T2D_G22",9.07348826596959,1.56845364437816
"HP1526901T2D_G23",-9.02851864626186,12.0942908273768
"HP1526901T2D_G24",10.5995407409452,1.50778803692577
"HP1526901T2D_G4",4.01910379598363,9.86845884190318
"HP1526901T2D_G7",-4.49897810747401,-4.53749885691884
"HP1526901T2D_G8",-4.47154089739101,-4.77937617434743
"HP1526901T2D_G9",-11.1817817383029,0.920074318511458
"HP1526901T2D_H10",3.63477376172765,8.9692088113856
"HP1526901T2D_H12",-4.1019348793246,-4.30713048114064
"HP1526901T2D_H16",-11.352394073508,1.35304627285716
"HP1526901T2D_H17",-4.40707442095058,-4.24812140597585
"HP1526901T2D_H18",-9.25343319704311,12.2043171869349
"HP1526901T2D_H19",-4.3198828392245,-4.51790657176259
"HP1526901T2D_H20",3.54833260247929,9.38157663212535
"HP1526901T2D_H21",9.86398986051305,2.07088360653636
"HP1526901T2D_H22",3.78103020856602,8.9326106058192
"HP1526901T2D_H23",-11.4494018249728,1.37655553684947
"HP1526901T2D_H24",3.89397433469517,9.7558880792689
"HP1526901T2D_H3",-11.0742463760592,0.746878718001815
"HP1526901T2D_H4",3.87332227895482,8.87398538456676
"HP1526901T2D_H5",9.8499317474149,1.50862917767284
"HP1526901T2D_H6",-4.37772223284023,-4.64005413188222
"HP1526901T2D_H8",9.68334963987096,0.498653625113936
"HP1526901T2D_H9",10.3642616576932,1.54790387020824
"HP1526901T2D_I1",10.4365368194364,1.4041682230067
"HP1526901T2D_I10",-9.43397709657924,11.8762322412562
"HP1526901T2D_I11",-9.40290829469936,12.0993023859095
"HP1526901T2D_I13",4.0849068469785,9.48423585758922
"HP1526901T2D_I14",-4.38013741304652,-4.73004117144826
"HP1526901T2D_I15",-3.68037268450038,-4.627432013886
"HP1526901T2D_I16",-4.61215493013637,-3.82291045321706
"HP1526901T2D_I18",-9.4668874435641,12.0042839990687
"HP1526901T2D_I19",-9.47740647127406,12.1384936319422
"HP1526901T2D_I20",3.97668531606419,9.53552446232555
"HP1526901T2D_I21",-4.52985188295619,-4.58979621066335
"HP1526901T2D_I22",4.08959582517369,9.59863958225963
"HP1526901T2D_I24",-11.0768642120578,0.761167739493819
"HP1526901T2D_I3",3.76756313512547,9.59888086186168
"HP1526901T2D_I4",-4.36372849275844,-3.86042847766164
"HP1526901T2D_I6",-4.2150678329684,-3.94996991290334
"HP1526901T2D_I7",-3.89746329118984,-4.49308982028249
"HP1526901T2D_I8",-4.54342076113002,-3.75570693148854
"HP1526901T2D_J1",-9.27193924715297,12.1243563638758
"HP1526901T2D_J11",7.25599530408604,0.437769745452376
"HP1526901T2D_J12",10.2332592315458,1.34794077740428
"HP1526901T2D_J13",-4.62396237184779,-3.79214491976979
"HP1526901T2D_J14",-3.7899927787997,-3.99014010562184
"HP1526901T2D_J17",-11.280182807944,1.37138662205455
"HP1526901T2D_J18",10.3385496444486,0.937556837661239
"HP1526901T2D_J19",-4.1857242279269,-4.39313569201711
"HP1526901T2D_J2",2.57231071660741,-10.4176892293859
"HP1526901T2D_J20",-9.06683823396938,11.9239397989344
"HP1526901T2D_J21",3.74654081533177,9.03530416355846
"HP1526901T2D_J22",-9.42447373201625,11.8751593576503
"HP1526901T2D_J24",-3.28718134691493,-4.95725145472768
"HP1526901T2D_J3",7.12294057080968,0.439904545409652
"HP1526901T2D_J4",-4.38592478563564,-3.57685914172414
"HP1526901T2D_J5",4.10720494458897,9.58089837895152
"HP1526901T2D_J6",3.83080509374364,8.92058572636363
"HP1526901T2D_J8",-4.10873743822353,-3.36411109103444
"HP1526901T2D_K1",10.2654314346097,1.61920103893993
"HP1526901T2D_K10",-3.18313261797206,-5.16245451106313
"HP1526901T2D_K11",-11.0951089554049,0.805400704009505
"HP1526901T2D_K12",-11.0300607376315,0.821302269561263
"HP1526901T2D_K14",-2.6592383079745,-3.98901476992848
"HP1526901T2D_K15",-4.4252786331393,-4.34225549830678
"HP1526901T2D_K18",-4.15106055071132,-4.50977554454091
"HP1526901T2D_K19",10.3341741866849,1.44027528630015
"HP1526901T2D_K2",-4.46820637514369,-4.76121297015431
"HP1526901T2D_K20",3.86171367833836,9.43397912846324
"HP1526901T2D_K21",-11.3060826950289,1.20445308552501
"HP1526901T2D_K22",-9.25829502870815,12.2583437906337
"HP1526901T2D_K23",3.72886470029576,9.40223417149303
"HP1526901T2D_K24",-9.38096424867885,12.0337601648402
"HP1526901T2D_K3",3.57652571866734,8.79687032566783
"HP1526901T2D_K4",10.4538250274442,1.08083734379527
"HP1526901T2D_K6",-4.03311392595546,-4.16433754100087
"HP1526901T2D_K7",3.72365787694676,10.1117211328578
"HP1526901T2D_L1",3.74660852620824,8.81898698673961
"HP1526901T2D_L11",-4.55626436998622,-4.903057719605
"HP1526901T2D_L12",-11.3523626022555,1.06330976353404
"HP1526901T2D_L13",-4.44081017305629,-3.81276145114186
"HP1526901T2D_L14",-11.5111808471896,1.42056546078441
"HP1526901T2D_L16",-4.45825859834926,-3.85036769046071
"HP1526901T2D_L17",-3.87736269762294,-4.60317340029958
"HP1526901T2D_L19",-4.54263970186488,-3.58811845912221
"HP1526901T2D_L2",-4.58710858156459,-3.92250743045094
"HP1526901T2D_L21",-4.37326428224818,-4.63874187602284
"HP1526901T2D_L23",-4.40052887727992,-4.86750450267079
"HP1526901T2D_L24",-9.3375453644015,11.7201672540736
"HP1526901T2D_L4",4.04477694699986,9.74841317997691
"HP1526901T2D_L5",3.92365101049168,9.06806287632701
"HP1526901T2D_L6",3.67708352277501,8.84004125462291
"HP1526901T2D_L7",-11.4403304748751,1.31624469624278
"HP1526901T2D_M1",-3.57679697801845,-4.68419828547719
"HP1526901T2D_M14",6.92459157178624,0.701636646850081
"HP1526901T2D_M15",3.70724466512425,9.85784921513316
"HP1526901T2D_M16",-4.47121998598354,-3.97660150660756
"HP1526901T2D_M19",-9.06451603700893,11.9405508981776
"HP1526901T2D_M2",3.66368416021092,10.0436907754969
"HP1526901T2D_M20",9.17765334317906,1.11895880566356
"HP1526901T2D_M21",-4.27203747560756,-3.80610432757619
"HP1526901T2D_M22",-11.2181634597995,1.13826379643199
"HP1526901T2D_M23",-3.82071778108852,-4.39913096560719
"HP1526901T2D_M3",-11.3265447311618,1.08790311680553
"HP1526901T2D_M4",-4.5658864670016,-4.27968588008168
"HP1526901T2D_M7",-3.638026683829,-4.73411145343068
"HP1526901T2D_M8",9.6428594894193,1.4733546720576
"HP1526901T2D_N1",4.06294706533177,9.80870637760875
"HP1526901T2D_N10",-2.66261383821742,-4.83415665759328
"HP1526901T2D_N11",9.50567534635289,1.22859749661204
"HP1526901T2D_N12",4.19931510160191,9.82059583531139
"HP1526901T2D_N13",3.79483178327306,9.07274923191783
"HP1526901T2D_N14",-4.0328488044955,-3.60636344088796
"HP1526901T2D_N15",-3.83939644624965,-4.75901737345937
"HP1526901T2D_N16",-9.50284764101283,12.0367651926112
"HP1526901T2D_N18",-11.1905793838717,1.18047485218761
"HP1526901T2D_N19",-11.2898807220675,1.12635598049876
"HP1526901T2D_N2",-4.46360585024135,-4.61318006648305
"HP1526901T2D_N20",-11.3711776428439,1.50532708035228
"HP1526901T2D_N21",9.5144129104398,1.38454899655101
"HP1526901T2D_N23",3.87252929876073,10.0906706796717
"HP1526901T2D_N3",3.94858387181981,9.61648092137096
"HP1526901T2D_N6",-4.37756630708949,-4.61144795550588
"HP1526901T2D_N8",-4.4243921928622,-3.75116815699818
"HP1526901T2D_N9",-4.5677175216891,-3.7510744584966
"HP1526901T2D_O1",3.72801402280553,8.94581327305553
"HP1526901T2D_O10",-11.1540746383883,1.01900706158397
"HP1526901T2D_O13",4.0084166831754,9.90693673954723
"HP1526901T2D_O14",3.81845334241612,9.06689748631236
"HP1526901T2D_O15",3.88551405141576,9.18768033848521
"HP1526901T2D_O17",3.78634718129857,9.76411447392223
"HP1526901T2D_O21",-3.61878964235561,-5.4594906820226
"HP1526901T2D_O22",-3.66754624178188,-5.10202326907399
"HP1526901T2D_O23",-4.50994154741542,-3.5929979337621
"HP1526901T2D_O24",3.86257651517613,8.87665758000133
"HP1526901T2D_O3",-11.0930118255831,0.843936298949691
"HP1526901T2D_O4",9.90139678189976,1.57724413738963
"HP1526901T2D_O5",10.1988354034208,1.04100856648204
"HP1526901T2D_O6",-3.76380202104823,-4.38265314234975
"HP1526901T2D_O7",-9.12970921327846,12.165571306808
"HP1526901T2D_O8",3.77320435712559,8.86564836369273
"HP1526901T2D_O9",-8.88950917055385,12.0048066125941
"HP1526901T2D_P1",-4.4600195579745,-3.60276832713368
"HP1526901T2D_P10",4.13376286695225,9.57040033207652
"HP1526901T2D_P11",3.6999187774442,8.81975374089
"HP1526901T2D_P12",-3.42081734468715,-5.35171642436269
"HP1526901T2D_P14",-4.36397358705775,-4.83531131877187
"HP1526901T2D_P17",3.92105892369969,9.97237214909312
"HP1526901T2D_P18",4.07504108617528,9.74433717594859
"HP1526901T2D_P19",-4.28405615618007,-3.63567223681691
"HP1526901T2D_P2",-4.44536063005702,-3.71758856906178
"HP1526901T2D_P20",-3.81025215914027,-4.01887407435658
"HP1526901T2D_P21",-4.12108418276088,-4.30931487216237
"HP1526901T2D_P22",-9.10164353182094,12.0839386926722
"HP1526901T2D_P23",-11.1503419571139,1.06847271786449
"HP1526901T2D_P4",3.85107711026891,10.0786734567713
"HP1526901T2D_P7",4.02835777471287,9.74258622990367
"HP1526901T2D_P9",3.9517383880399,10.0689030633998
