"","refUMAP_1","refUMAP_2"
"AZ_A10",6.09943580627441,0.161156103014946
"AZ_A11",3.37889051437378,7.34712505340576
"AZ_A12",4.8663854598999,0.860829055309296
"AZ_A2",6.17344570159912,0.263148725032806
"AZ_A5",10.0099258422852,-11.9658288955688
"AZ_A6",3.53307890892029,7.85474014282227
"AZ_A8",-5.12902116775513,-0.200309291481972
"AZ_B1",5.86069250106812,0.346755921840668
"AZ_B10",5.9951434135437,0.394394367933273
"AZ_B12",3.589684009552,7.8667573928833
"AZ_B2",3.85897421836853,7.98554372787476
"AZ_B3",3.57407855987549,7.88882493972778
"AZ_B5",3.72761249542236,7.81841897964478
"AZ_B9",3.04495906829834,7.49034357070923
"AZ_C1",3.72455477714539,7.80688667297363
"AZ_C10",5.83483076095581,0.760191261768341
"AZ_C11",5.78302145004272,0.78719836473465
"AZ_C2",3.24342465400696,7.73804044723511
"AZ_C3",7.50690984725952,-11.1197919845581
"AZ_C4",5.91950798034668,-0.241161748766899
"AZ_C5",3.37743282318115,7.70374059677124
"AZ_C8",3.30845761299133,7.33155679702759
"AZ_C9",9.07988262176514,-11.7540998458862
"AZ_D12",5.79434680938721,0.593541443347931
"AZ_D2",-8.13640213012695,0.85486888885498
"AZ_D3",3.69949555397034,7.82883214950562
"AZ_D4",3.4030966758728,7.65855312347412
"AZ_D5",6.13787269592285,0.22236755490303
"AZ_D6",5.91198825836182,-0.271339744329453
"AZ_D7",3.33085370063782,7.76257610321045
"AZ_D8",6.12482452392578,-0.00143056293018162
"AZ_D9",5.47941589355469,0.702735543251038
"AZ_E12",3.13337516784668,7.78434896469116
"AZ_E2",3.569669008255,7.77023887634277
"AZ_E4",3.47707295417786,7.70704174041748
"AZ_E5",3.86707472801208,3.61111783981323
"AZ_E7",5.99615287780762,-0.423422187566757
"AZ_E8",3.57529878616333,7.79719734191895
"AZ_E9",4.02419948577881,7.71231603622437
"AZ_F1",6.14723587036133,0.303993999958038
"AZ_F2",-4.74584436416626,-0.316766679286957
"AZ_F4",3.66610312461853,7.7427077293396
"AZ_F8",3.64889931678772,7.87212610244751
"AZ_F9",9.76951026916504,-11.9281187057495
"AZ_G1",3.04221701622009,7.29261636734009
"AZ_G10",3.90097165107727,7.29298114776611
"AZ_G2",5.36979293823242,0.897997617721558
"AZ_G3",3.59080076217651,7.05976390838623
"AZ_G4",3.31355667114258,7.64930629730225
"AZ_G5",6.05370330810547,0.534623086452484
"AZ_H1",4.18009042739868,1.7782644033432
"AZ_H11",-4.53084659576416,-0.987861812114716
"AZ_H12",5.11016464233398,1.52674674987793
"AZ_H2",5.0141429901123,1.37287664413452
"AZ_H3",4.38197755813599,2.0677433013916
"AZ_H4",17.2867774963379,12.3985233306885
"AZ_H5",5.65620994567871,0.638406932353973
"AZ_H6",6.08481454849243,0.405266165733337
"AZ_H9",3.4602415561676,7.67860841751099
"HP1502401_A10",4.56920719146729,1.28654420375824
"HP1502401_A12",3.15227484703064,7.61951923370361
"HP1502401_A15",3.16932225227356,7.07068157196045
"HP1502401_A17",3.6216835975647,7.78356170654297
"HP1502401_A18",5.98677921295166,0.404998362064362
"HP1502401_A2",5.76086950302124,0.652828872203827
"HP1502401_A24",5.18411684036255,0.553713083267212
"HP1502401_A4",3.00745058059692,7.57359027862549
"HP1502401_A6",5.9689302444458,0.212142154574394
"HP1502401_A7",5.95131826400757,-0.0937503427267075
"HP1502401_B1",5.82847213745117,0.735875725746155
"HP1502401_B10",3.48969697952271,7.71910667419434
"HP1502401_B11",5.65378379821777,0.92090916633606
"HP1502401_B14",5.99498987197876,-0.0119160450994968
"HP1502401_B15",6.206139087677,0.119595743715763
"HP1502401_B16",3.48689389228821,7.75235605239868
"HP1502401_B18",5.61302900314331,1.13323497772217
"HP1502401_B20",3.60683226585388,7.09207439422607
"HP1502401_B21",5.8956036567688,0.493619114160538
"HP1502401_B23",5.90791845321655,0.602023482322693
"HP1502401_B24",5.91425514221191,0.574005603790283
"HP1502401_B5",3.51452708244324,7.48974418640137
"HP1502401_B7",-4.14595603942871,-0.508474886417389
"HP1502401_B8",5.05086755752563,1.1858823299408
"HP1502401_C10",-9.39535140991211,1.20722126960754
"HP1502401_C12",8.0441951751709,-11.0338172912598
"HP1502401_C14",3.43943762779236,7.23983526229858
"HP1502401_C16",3.36105012893677,7.80117750167847
"HP1502401_C18",5.74362897872925,0.762305021286011
"HP1502401_C20",5.58642578125,0.964557826519012
"HP1502401_C21",5.70623302459717,0.740388214588165
"HP1502401_C4",3.26668405532837,7.65764188766479
"HP1502401_C5",5.37223243713379,1.03558826446533
"HP1502401_C6",5.90269470214844,0.40363484621048
"HP1502401_C7",5.44004106521606,0.367741942405701
"HP1502401_C8",5.97986555099487,0.0525216087698936
"HP1502401_D12",6.01817035675049,0.631266117095947
"HP1502401_D13",-8.2387809753418,0.449994176626205
"HP1502401_D16",3.43627023696899,7.7532958984375
"HP1502401_D17",5.19791412353516,1.47651076316833
"HP1502401_D18",8.28584480285645,-10.8087120056152
"HP1502401_D20",3.51903820037842,7.69846153259277
"HP1502401_D22",5.87005043029785,0.520667314529419
"HP1502401_D24",3.02165722846985,7.28332567214966
"HP1502401_D3",5.8219051361084,-0.352590769529343
"HP1502401_D4",8.54292106628418,-11.2768211364746
"HP1502401_D5",3.39217662811279,7.76626968383789
"HP1502401_D6",5.49090194702148,0.22417426109314
"HP1502401_D7",4.97591876983643,1.30761623382568
"HP1502401_D8",3.18758940696716,5.45685386657715
"HP1502401_E10",5.76673412322998,0.45212259888649
"HP1502401_E11",3.45656204223633,7.76893520355225
"HP1502401_E16",3.58283376693726,7.34507322311401
"HP1502401_E17",5.93071508407593,-0.28330197930336
"HP1502401_E19",6.06210660934448,0.351257592439651
"HP1502401_E21",3.58959674835205,7.88289594650269
"HP1502401_E3",5.19134712219238,1.17448461055756
"HP1502401_E5",6.0362377166748,0.429853975772858
"HP1502401_E6",3.34406232833862,7.87123250961304
"HP1502401_E7",5.9953875541687,0.599501013755798
"HP1502401_E9",5.96110773086548,0.508198440074921
"HP1502401_F10",3.22510409355164,7.54554510116577
"HP1502401_F11",5.61213731765747,0.751452565193176
"HP1502401_F12",3.5222373008728,7.8471941947937
"HP1502401_F15",6.04529905319214,0.651520371437073
"HP1502401_F16",5.97174501419067,0.566214263439178
"HP1502401_F17",3.47567701339722,4.31506967544556
"HP1502401_F18",5.72765493392944,0.830782115459442
"HP1502401_F19",2.98337268829346,7.61577987670898
"HP1502401_F20",3.50622797012329,7.88029861450195
"HP1502401_F21",5.90127801895142,0.452557116746902
"HP1502401_F22",-4.90179967880249,-0.421414583921432
"HP1502401_F23",3.50488209724426,7.22232294082642
"HP1502401_F24",-4.52498149871826,-0.6705122590065
"HP1502401_F4",3.41535568237305,7.68103265762329
"HP1502401_F9",6.05469989776611,0.348816573619843
"HP1502401_G10",3.73961877822876,7.57232093811035
"HP1502401_G11",2.90957641601562,5.70025205612183
"HP1502401_G12",5.33039569854736,1.30460131168365
"HP1502401_G14",6.0927357673645,-0.247459724545479
"HP1502401_G20",5.90181350708008,-0.0450295209884644
"HP1502401_G22",6.05716323852539,0.314387857913971
"HP1502401_G23",8.20885276794434,-10.9083986282349
"HP1502401_G24",6.00678682327271,0.34825724363327
"HP1502401_G3",5.29285764694214,1.10754811763763
"HP1502401_G4",5.98668766021729,-0.484963923692703
"HP1502401_G5",6.11182022094727,-0.180150613188744
"HP1502401_G6",-4.8302583694458,-0.0997164025902748
"HP1502401_G7",3.13596606254578,7.46863794326782
"HP1502401_G8",3.07874298095703,7.44348192214966
"HP1502401_H1",3.86294937133789,7.22974157333374
"HP1502401_H11",5.58589792251587,0.755524396896362
"HP1502401_H12",5.9251594543457,0.402208238840103
"HP1502401_H13",4.80352830886841,1.35693073272705
"HP1502401_H14",3.06996369361877,7.55097913742065
"HP1502401_H15",3.29612398147583,7.41797590255737
"HP1502401_H16",3.62977814674377,7.29711484909058
"HP1502401_H19",6.21993207931519,0.0992448776960373
"HP1502401_H2",3.38233828544617,7.68642473220825
"HP1502401_H20",3.49254822731018,7.88689374923706
"HP1502401_H21",7.91597270965576,-10.6962032318115
"HP1502401_H22",-4.7337589263916,-0.510079741477966
"HP1502401_H23",7.90379333496094,-10.8865842819214
"HP1502401_H24",3.46821093559265,7.6258978843689
"HP1502401_H3",3.65479469299316,7.62518215179443
"HP1502401_H4",3.25084471702576,7.28554248809814
"HP1502401_H5",3.20036840438843,7.44315338134766
"HP1502401_H6",5.81277179718018,0.412001103162766
"HP1502401_H7",3.46658301353455,7.80027914047241
"HP1502401_H8",3.07037568092346,7.49073028564453
"HP1502401_I1",3.34200096130371,7.24519920349121
"HP1502401_I12",17.1822853088379,12.6286392211914
"HP1502401_I15",3.19450926780701,7.14895009994507
"HP1502401_I16",3.51311707496643,7.4102201461792
"HP1502401_I18",3.57252669334412,7.21297979354858
"HP1502401_I2",8.15790176391602,-10.5569477081299
"HP1502401_I21",8.42357730865479,-11.2627258300781
"HP1502401_I22",3.85206317901611,6.72123908996582
"HP1502401_I23",4.94300651550293,-0.198579624295235
"HP1502401_I24",5.67634582519531,-0.0311239436268806
"HP1502401_I4",7.90630865097046,-10.7535848617554
"HP1502401_I6",5.54062843322754,-0.549536406993866
"HP1502401_I7",5.77731466293335,0.552354693412781
"HP1502401_I8",6.10813903808594,0.624677181243896
"HP1502401_I9",5.72691965103149,0.732127487659454
"HP1502401_J1",3.59023237228394,7.78933000564575
"HP1502401_J10",5.89467000961304,0.39236643910408
"HP1502401_J11",4.06289100646973,5.85789918899536
"HP1502401_J12",4.11958694458008,1.13764369487762
"HP1502401_J14",3.41034197807312,7.46925067901611
"HP1502401_J15",7.85520696640015,-10.6210651397705
"HP1502401_J17",7.80815267562866,-11.2439126968384
"HP1502401_J18",3.66449403762817,7.37418413162231
"HP1502401_J19",8.27604389190674,-10.4417514801025
"HP1502401_J20",3.60788321495056,6.14591932296753
"HP1502401_J21",3.18427538871765,7.50014638900757
"HP1502401_J22",5.79120302200317,0.671179413795471
"HP1502401_J23",3.45060181617737,7.17248106002808
"HP1502401_J24",8.35595417022705,-10.813364982605
"HP1502401_J4",3.47510623931885,7.85320663452148
"HP1502401_J6",3.10129189491272,7.4760684967041
"HP1502401_J8",3.64284062385559,6.84462547302246
"HP1502401_K1",3.61252856254578,7.53050994873047
"HP1502401_K11",3.32939028739929,7.66773700714111
"HP1502401_K14",6.07676887512207,0.356221944093704
"HP1502401_K15",3.49811363220215,6.62466621398926
"HP1502401_K16",3.62061595916748,7.87992334365845
"HP1502401_K2",3.00826454162598,7.34709215164185
"HP1502401_K20",3.2837986946106,7.52953815460205
"HP1502401_K21",3.57119178771973,7.82885408401489
"HP1502401_K22",3.28633165359497,7.74144268035889
"HP1502401_K23",4.2243595123291,1.8864369392395
"HP1502401_K24",6.01712989807129,0.536246120929718
"HP1502401_K3",3.4017162322998,7.8427038192749
"HP1502401_K5",3.48330974578857,7.61738014221191
"HP1502401_K6",3.60379981994629,7.4171085357666
"HP1502401_K9",3.39301538467407,7.74844551086426
"HP1502401_L1",3.51502418518066,7.82641315460205
"HP1502401_L10",6.05920791625977,0.108978502452374
"HP1502401_L11",3.19443821907043,7.72993040084839
"HP1502401_L12",3.30504822731018,7.71937036514282
"HP1502401_L13",3.49355030059814,7.79526805877686
"HP1502401_L14",5.82159757614136,0.663748323917389
"HP1502401_L15",3.52184963226318,7.58948278427124
"HP1502401_L16",3.21056318283081,7.6325364112854
"HP1502401_L17",4.02350616455078,5.82624912261963
"HP1502401_L18",10.1520414352417,-10.9627552032471
"HP1502401_L2",3.54459452629089,7.32749509811401
"HP1502401_L20",3.37827086448669,7.70367860794067
"HP1502401_L21",3.45560741424561,7.70325088500977
"HP1502401_L22",3.29365205764771,7.63278722763062
"HP1502401_L23",3.35078954696655,7.27457571029663
"HP1502401_L3",3.51636266708374,7.58399438858032
"HP1502401_L4",3.00596642494202,7.4707727432251
"HP1502401_L5",7.71394109725952,-11.0704917907715
"HP1502401_L7",3.06187963485718,7.02343940734863
"HP1502401_L9",3.29209303855896,6.59333276748657
"HP1502401_M1",3.33519506454468,7.64291906356812
"HP1502401_M10",3.26001453399658,7.51578044891357
"HP1502401_M11",3.3578028678894,7.90798711776733
"HP1502401_M12",5.90668487548828,0.677787363529205
"HP1502401_M14",3.53563451766968,7.79521179199219
"HP1502401_M15",3.18247199058533,7.30575895309448
"HP1502401_M16",8.38162803649902,-11.1467714309692
"HP1502401_M19",3.16169929504395,7.45567464828491
"HP1502401_M2",5.92120122909546,-0.296305507421494
"HP1502401_M21",3.48589277267456,7.78177118301392
"HP1502401_M23",3.32932162284851,7.78742980957031
"HP1502401_M24",3.64666795730591,7.8398904800415
"HP1502401_M3",3.54933571815491,7.67221736907959
"HP1502401_M4",3.36068177223206,6.84753274917603
"HP1502401_M5",3.13109827041626,7.60901737213135
"HP1502401_M6",5.55567741394043,0.782696902751923
"HP1502401_M7",3.43055462837219,6.96524858474731
"HP1502401_N1",6.15548372268677,-0.0287700407207012
"HP1502401_N10",8.78653621673584,-11.2484579086304
"HP1502401_N11",5.95186424255371,0.823395013809204
"HP1502401_N12",4.25415658950806,5.34408950805664
"HP1502401_N15",3.26255321502686,6.98975896835327
"HP1502401_N16",9.07295799255371,-11.7258138656616
"HP1502401_N17",3.60579514503479,7.08552646636963
"HP1502401_N18",8.4215202331543,-11.2048854827881
"HP1502401_N20",2.9597635269165,7.07073831558228
"HP1502401_N21",-3.98475766181946,-0.684880971908569
"HP1502401_N23",5.98985862731934,0.737719655036926
"HP1502401_N3",3.24645948410034,7.67234468460083
"HP1502401_N4",3.32256150245667,7.63157558441162
"HP1502401_N7",5.97723722457886,0.144367784261703
"HP1502401_N8",5.11739301681519,0.0455013103783131
"HP1502401_N9",3.02773952484131,5.02574682235718
"HP1502401_O1",3.36559414863586,7.52195310592651
"HP1502401_O10",8.82609367370605,-10.9488763809204
"HP1502401_O16",5.69071531295776,0.636336386203766
"HP1502401_O17",3.37566828727722,7.09242534637451
"HP1502401_O18",6.07632446289062,0.254323780536652
"HP1502401_O2",3.18981623649597,7.78222799301147
"HP1502401_O20",3.13097858428955,7.48701477050781
"HP1502401_O21",3.52309727668762,7.10425043106079
"HP1502401_O22",3.06505084037781,7.48178100585938
"HP1502401_O23",3.41314291954041,7.86200046539307
"HP1502401_O24",3.64795589447021,7.67874526977539
"HP1502401_O3",3.20482540130615,7.27807760238647
"HP1502401_O4",3.28549075126648,7.64554071426392
"HP1502401_O6",5.71450424194336,0.517708539962769
"HP1502401_O8",3.27930164337158,7.34119462966919
"HP1504101T2D_A12",3.49679613113403,7.75558185577393
"HP1504101T2D_A13",6.18699264526367,0.0899309664964676
"HP1504101T2D_A15",6.10282802581787,0.183491662144661
"HP1504101T2D_A17",6.14721870422363,0.0553849823772907
"HP1504101T2D_A18",6.08908653259277,0.364584147930145
"HP1504101T2D_A19",3.54273962974548,7.70384407043457
"HP1504101T2D_A20",5.98737812042236,-0.121031515300274
"HP1504101T2D_A23",3.49389171600342,7.91205310821533
"HP1504101T2D_A24",5.57619857788086,0.604014933109283
"HP1504101T2D_A4",6.16297721862793,0.228322714567184
"HP1504101T2D_A5",3.45647430419922,7.74861717224121
"HP1504101T2D_A6",3.39698791503906,7.721031665802
"HP1504101T2D_A8",3.59669971466064,7.75487279891968
"HP1504101T2D_B10",5.74304628372192,0.57269161939621
"HP1504101T2D_B11",3.54984164237976,7.85309934616089
"HP1504101T2D_B12",6.07704019546509,-0.0881922021508217
"HP1504101T2D_B13",3.17431664466858,7.56139707565308
"HP1504101T2D_B16",2.87104320526123,7.09298849105835
"HP1504101T2D_B17",5.76007986068726,-0.505173861980438
"HP1504101T2D_B18",6.02375364303589,-0.0586164258420467
"HP1504101T2D_B21",3.40886521339417,7.83045816421509
"HP1504101T2D_B22",6.05984163284302,0.474142760038376
"HP1504101T2D_B24",6.10988616943359,0.59657871723175
"HP1504101T2D_B4",6.09941291809082,0.36953803896904
"HP1504101T2D_B5",6.13309240341187,-0.236157223582268
"HP1504101T2D_B6",5.99105072021484,-0.754069685935974
"HP1504101T2D_B7",3.90151619911194,7.79854917526245
"HP1504101T2D_B8",8.44351005554199,-11.461877822876
"HP1504101T2D_C1",17.368236541748,12.8727731704712
"HP1504101T2D_C10",5.10965967178345,1.307772397995
"HP1504101T2D_C12",5.88778066635132,-0.156930804252625
"HP1504101T2D_C14",3.61515593528748,7.84561395645142
"HP1504101T2D_C15",3.73514866828918,7.84860610961914
"HP1504101T2D_C17",3.24844765663147,7.80192184448242
"HP1504101T2D_C18",6.07730102539062,-0.18167819082737
"HP1504101T2D_C20",3.76459360122681,7.67308902740479
"HP1504101T2D_C21",6.09051942825317,0.0784985423088074
"HP1504101T2D_C22",3.53090906143188,7.75912237167358
"HP1504101T2D_C4",2.94419193267822,6.92130088806152
"HP1504101T2D_C9",5.61787557601929,1.0162056684494
"HP1504101T2D_D1",3.4641740322113,7.31346321105957
"HP1504101T2D_D11",6.14705753326416,0.0174455288797617
"HP1504101T2D_D12",3.44955587387085,7.38954305648804
"HP1504101T2D_D13",3.62064671516418,7.78410863876343
"HP1504101T2D_D15",6.0609245300293,0.390801161527634
"HP1504101T2D_D17",6.05711889266968,0.207277029752731
"HP1504101T2D_D18",6.25067520141602,0.231014057993889
"HP1504101T2D_D19",3.52969551086426,7.66186857223511
"HP1504101T2D_D2",3.6276319026947,7.75774955749512
"HP1504101T2D_D21",5.99094009399414,0.53048712015152
"HP1504101T2D_D23",6.07015800476074,0.0457181707024574
"HP1504101T2D_D24",6.12750434875488,0.479418933391571
"HP1504101T2D_D5",3.30685210227966,7.78224945068359
"HP1504101T2D_D6",3.55892109870911,7.68691301345825
"HP1504101T2D_D7",3.5949718952179,7.26962518692017
"HP1504101T2D_D9",6.03337955474854,0.543234646320343
"HP1504101T2D_E1",3.47525501251221,7.45520734786987
"HP1504101T2D_E10",3.70596885681152,7.81322288513184
"HP1504101T2D_E11",6.1330771446228,0.555180788040161
"HP1504101T2D_E14",6.12859773635864,0.0796932652592659
"HP1504101T2D_E15",5.72673082351685,-0.272585183382034
"HP1504101T2D_E16",6.06219387054443,-0.349106192588806
"HP1504101T2D_E18",2.78878951072693,5.61936044692993
"HP1504101T2D_E19",6.31559085845947,0.559287548065186
"HP1504101T2D_E20",5.97832775115967,0.483329296112061
"HP1504101T2D_E21",3.44971799850464,7.805739402771
"HP1504101T2D_E22",3.1734938621521,7.80717945098877
"HP1504101T2D_E23",3.56985878944397,7.85409593582153
"HP1504101T2D_E24",6.15881776809692,-0.165324509143829
"HP1504101T2D_E3",3.29946398735046,7.79030656814575
"HP1504101T2D_E4",2.59922242164612,4.97164678573608
"HP1504101T2D_E6",3.14914536476135,7.80683517456055
"HP1504101T2D_E7",6.26008892059326,0.288549840450287
"HP1504101T2D_E8",6.1624755859375,0.282837092876434
"HP1504101T2D_E9",5.85821866989136,0.32753798365593
"HP1504101T2D_F10",3.04303431510925,7.53391122817993
"HP1504101T2D_F11",6.11461162567139,0.331691980361938
"HP1504101T2D_F12",3.31558060646057,7.56019449234009
"HP1504101T2D_F13",6.15614557266235,-0.0687972977757454
"HP1504101T2D_F14",6.1104531288147,0.202990859746933
"HP1504101T2D_F15",2.85788178443909,6.97809934616089
"HP1504101T2D_F16",3.00093746185303,6.49197769165039
"HP1504101T2D_F17",5.76992034912109,0.747852206230164
"HP1504101T2D_F19",3.32500505447388,7.74640035629272
"HP1504101T2D_F2",6.20069551467896,0.168937787413597
"HP1504101T2D_F20",6.16131496429443,0.284964889287949
"HP1504101T2D_F22",3.70790076255798,7.85043716430664
"HP1504101T2D_F3",3.3027925491333,7.85334491729736
"HP1504101T2D_F7",3.46067023277283,7.9863600730896
"HP1504101T2D_G1",3.61520385742188,7.80150699615479
"HP1504101T2D_G10",3.62221074104309,7.20683431625366
"HP1504101T2D_G12",3.5275342464447,7.85202074050903
"HP1504101T2D_G14",3.58932995796204,7.86235523223877
"HP1504101T2D_G16",6.08559894561768,-0.0860775783658028
"HP1504101T2D_G17",3.59554147720337,7.91074848175049
"HP1504101T2D_G19",3.51287126541138,7.89062404632568
"HP1504101T2D_G2",3.52101993560791,7.87593746185303
"HP1504101T2D_G21",2.72401356697083,5.57512044906616
"HP1504101T2D_G22",3.53773713111877,7.79312086105347
"HP1504101T2D_G23",3.25118613243103,7.77222108840942
"HP1504101T2D_G24",3.71657752990723,7.81347894668579
"HP1504101T2D_G3",2.68130803108215,4.62647342681885
"HP1504101T2D_G4",5.93592071533203,0.0346939712762833
"HP1504101T2D_G8",6.06221675872803,0.131889179348946
"HP1504101T2D_G9",6.05319499969482,0.162562653422356
"HP1504101T2D_H1",6.14768171310425,0.251840472221375
"HP1504101T2D_H14",6.12811613082886,-0.0456355959177017
"HP1504101T2D_H15",3.44461894035339,7.82376194000244
"HP1504101T2D_H17",5.61087560653687,-0.566693365573883
"HP1504101T2D_H18",8.64424800872803,-11.5048007965088
"HP1504101T2D_H2",3.61408996582031,7.31046390533447
"HP1504101T2D_H20",3.63983821868896,7.70896577835083
"HP1504101T2D_H21",3.6322820186615,7.8262677192688
"HP1504101T2D_H22",3.35609889030457,7.79542875289917
"HP1504101T2D_H23",5.94846487045288,-0.456501126289368
"HP1504101T2D_H24",6.04983043670654,0.0398349575698376
"HP1504101T2D_H4",3.42864060401917,7.80159521102905
"HP1504101T2D_H5",5.23994255065918,0.575141310691833
"HP1504101T2D_H6",6.06548881530762,-0.0944513604044914
"HP1504101T2D_H9",3.68677878379822,7.81189393997192
"HP1504101T2D_I1",4.26156377792358,4.98178863525391
"HP1504101T2D_I10",6.19129467010498,0.130189508199692
"HP1504101T2D_I14",3.67917585372925,7.85242557525635
"HP1504101T2D_I15",2.75176811218262,4.68768548965454
"HP1504101T2D_I16",6.08937931060791,0.0638830214738846
"HP1504101T2D_I17",3.49756669998169,7.89922904968262
"HP1504101T2D_I18",3.49971461296082,7.53516960144043
"HP1504101T2D_I2",3.16053009033203,5.78709888458252
"HP1504101T2D_I20",3.42247653007507,7.84780693054199
"HP1504101T2D_I22",3.42157793045044,7.88472986221313
"HP1504101T2D_I23",3.78552460670471,7.83006143569946
"HP1504101T2D_I24",3.42750382423401,7.93001413345337
"HP1504101T2D_I5",3.61780428886414,7.81997442245483
"HP1504101T2D_I7",6.04141759872437,0.142542526125908
"HP1504101T2D_I8",3.17747116088867,7.58321046829224
"HP1504101T2D_J1",3.50188899040222,7.84338760375977
"HP1504101T2D_J11",3.62172293663025,7.7184591293335
"HP1504101T2D_J13",3.53690218925476,7.22333335876465
"HP1504101T2D_J14",4.83773899078369,1.26120007038116
"HP1504101T2D_J15",3.45461201667786,7.9468297958374
"HP1504101T2D_J18",3.63054060935974,7.84198713302612
"HP1504101T2D_J2",2.96517491340637,6.74268054962158
"HP1504101T2D_J20",2.97577500343323,7.51991128921509
"HP1504101T2D_J22",6.15810060501099,-0.120361261069775
"HP1504101T2D_J24",3.52662777900696,7.81318330764771
"HP1504101T2D_J3",5.85589838027954,0.577035009860992
"HP1504101T2D_J5",6.22177410125732,0.610163748264313
"HP1504101T2D_J7",3.57689881324768,7.72848796844482
"HP1504101T2D_J9",5.8939151763916,0.829556584358215
"HP1504101T2D_K12",3.43964314460754,7.8066258430481
"HP1504101T2D_K17",3.56236600875854,7.8467493057251
"HP1504101T2D_K18",3.54465270042419,7.96347522735596
"HP1504101T2D_K2",6.07336902618408,0.018362320959568
"HP1504101T2D_K20",3.73376250267029,7.88851976394653
"HP1504101T2D_K22",3.44331574440002,7.95019769668579
"HP1504101T2D_K23",3.70857334136963,7.85308170318604
"HP1504101T2D_K24",3.12134051322937,7.56088781356812
"HP1504101T2D_K4",3.49363231658936,7.91883325576782
"HP1504101T2D_K8",6.00101518630981,0.0825529992580414
"HP1504101T2D_L1",6.13757085800171,0.110268175601959
"HP1504101T2D_L10",3.35043692588806,7.59667491912842
"HP1504101T2D_L11",5.83230447769165,0.464949637651443
"HP1504101T2D_L13",2.99855422973633,6.2785758972168
"HP1504101T2D_L15",5.99045944213867,0.255694389343262
"HP1504101T2D_L18",3.23951721191406,7.08211135864258
"HP1504101T2D_L19",3.8175528049469,7.88357877731323
"HP1504101T2D_L2",3.15030813217163,7.69722080230713
"HP1504101T2D_L21",3.48244452476501,7.92824125289917
"HP1504101T2D_L23",3.44860744476318,7.87565994262695
"HP1504101T2D_L24",6.14619159698486,-0.119467474520206
"HP1504101T2D_L3",3.36957263946533,7.74981594085693
"HP1504101T2D_L4",3.66138529777527,7.93281984329224
"HP1504101T2D_L5",3.05422973632812,7.52944278717041
"HP1504101T2D_L7",3.48715758323669,7.45147800445557
"HP1504101T2D_L8",3.07723760604858,7.53445959091187
"HP1504101T2D_M1",6.1833553314209,0.328159719705582
"HP1504101T2D_M10",3.56678581237793,7.95539236068726
"HP1504101T2D_M15",2.98050618171692,7.25833940505981
"HP1504101T2D_M18",3.28520822525024,7.73834753036499
"HP1504101T2D_M19",3.52868318557739,7.72806549072266
"HP1504101T2D_M2",3.30672144889832,7.39779710769653
"HP1504101T2D_M21",3.2279577255249,7.79394483566284
"HP1504101T2D_M23",3.47539806365967,7.7422513961792
"HP1504101T2D_M24",3.55691146850586,7.69044160842896
"HP1504101T2D_M3",6.15336036682129,0.389947354793549
"HP1504101T2D_M4",3.18305921554565,7.16699123382568
"HP1504101T2D_M5",3.43014430999756,7.53650569915771
"HP1504101T2D_M6",3.23575854301453,7.28270435333252
"HP1504101T2D_M7",3.49521923065186,7.86994791030884
"HP1504101T2D_M9",3.34135293960571,7.57944202423096
"HP1504101T2D_N1",3.34999203681946,7.80661869049072
"HP1504101T2D_N10",6.02987003326416,0.0394321084022522
"HP1504101T2D_N12",3.37065744400024,7.69406747817993
"HP1504101T2D_N13",3.54961442947388,7.62507677078247
"HP1504101T2D_N15",3.3908212184906,7.77500629425049
"HP1504101T2D_N16",5.92655849456787,0.670112192630768
"HP1504101T2D_N17",3.43604040145874,7.62436676025391
"HP1504101T2D_N19",3.80434727668762,7.79849863052368
"HP1504101T2D_N2",3.53346395492554,7.88011837005615
"HP1504101T2D_N20",4.14736890792847,2.82497882843018
"HP1504101T2D_N21",5.61468887329102,0.917716145515442
"HP1504101T2D_N22",3.73053646087646,7.74516534805298
"HP1504101T2D_N24",3.33308935165405,7.0526270866394
"HP1504101T2D_N5",3.6258659362793,7.93313646316528
"HP1504101T2D_N6",3.44698047637939,7.86458683013916
"HP1504101T2D_N7",3.39651155471802,7.95393466949463
"HP1504101T2D_N8",3.47293257713318,7.8192720413208
"HP1504101T2D_N9",3.67872262001038,6.72851324081421
"HP1504101T2D_O10",3.21436047554016,7.86047649383545
"HP1504101T2D_O11",6.06369733810425,0.0259737093001604
"HP1504101T2D_O12",6.03511095046997,-0.092779166996479
"HP1504101T2D_O13",6.04805612564087,0.271212369203568
"HP1504101T2D_O14",3.84652352333069,7.91221809387207
"HP1504101T2D_O16",3.33863067626953,7.14310884475708
"HP1504101T2D_O20",3.57256841659546,7.92395925521851
"HP1504101T2D_O22",3.5502290725708,7.72402238845825
"HP1504101T2D_O23",5.94768953323364,0.136525541543961
"HP1504101T2D_O24",7.81058216094971,-11.1190357208252
"HP1504101T2D_O3",3.51029253005981,7.55669593811035
"HP1504101T2D_O4",6.14421701431274,0.0732442811131477
"HP1504101T2D_O6",3.62981462478638,7.81463098526001
"HP1504101T2D_O9",3.43297410011292,7.75911092758179
"HP1504101T2D_P11",3.58784341812134,7.73186588287354
"HP1504101T2D_P12",5.84379243850708,0.287433475255966
"HP1504101T2D_P14",3.52052021026611,7.80515766143799
"HP1504101T2D_P17",3.45311450958252,7.85144138336182
"HP1504101T2D_P18",3.25015044212341,7.79057836532593
"HP1504101T2D_P2",3.37604928016663,7.74793243408203
"HP1504101T2D_P21",3.49243497848511,7.83480596542358
"HP1504101T2D_P22",3.54886054992676,7.83191537857056
"HP1504101T2D_P24",6.11624145507812,0.0428602918982506
"HP1504101T2D_P5",5.65343427658081,0.735355138778687
"HP1504101T2D_P7",3.7166576385498,7.77851152420044
"HP1504101T2D_P9",2.92884731292725,5.8323917388916
"HP1504901_A10",5.59019994735718,0.0678833797574043
"HP1504901_A14",3.96071338653564,4.53618574142456
"HP1504901_A16",-4.6811146736145,0.353354096412659
"HP1504901_A19",-3.85218691825867,-0.138658538460732
"HP1504901_A2",3.81278133392334,6.25994157791138
"HP1504901_A21",5.72472381591797,0.788412570953369
"HP1504901_A23",16.9606914520264,12.2283277511597
"HP1504901_A3",-4.57827520370483,-0.241266772150993
"HP1504901_A5",5.96073770523071,0.198999300599098
"HP1504901_A9",3.53583955764771,7.64555263519287
"HP1504901_B1",3.86348485946655,7.15332841873169
"HP1504901_B10",5.89141798019409,0.468907952308655
"HP1504901_B11",-4.50878429412842,-0.653982698917389
"HP1504901_B14",8.80030822753906,-11.7891235351562
"HP1504901_B15",3.56067848205566,6.87399387359619
"HP1504901_B16",3.53047585487366,6.25710821151733
"HP1504901_B18",3.33226323127747,7.22711324691772
"HP1504901_B20",5.77327108383179,0.660835981369019
"HP1504901_B21",3.65714287757874,7.81557416915894
"HP1504901_B22",-3.87860536575317,0.420730501413345
"HP1504901_B23",2.83424353599548,4.84439849853516
"HP1504901_B3",3.75923776626587,7.76284742355347
"HP1504901_B4",5.31392002105713,1.03676867485046
"HP1504901_B6",6.03259801864624,0.392543166875839
"HP1504901_B8",5.82616710662842,0.83242392539978
"HP1504901_B9",5.49777984619141,0.977160394191742
"HP1504901_C10",5.03053569793701,1.01546430587769
"HP1504901_C11",3.29845499992371,7.81234312057495
"HP1504901_C14",3.02563428878784,5.79368162155151
"HP1504901_C16",-4.08258485794067,-0.409665077924728
"HP1504901_C17",-4.60256099700928,-0.196882769465446
"HP1504901_C23",6.09032201766968,-0.00656712101772428
"HP1504901_D1",3.03366923332214,7.5014500617981
"HP1504901_D12",3.71373343467712,7.93209886550903
"HP1504901_D14",3.49474430084229,7.62622022628784
"HP1504901_D15",3.71327447891235,6.70759344100952
"HP1504901_D16",3.59674739837646,7.79139947891235
"HP1504901_D17",3.57243227958679,7.49419641494751
"HP1504901_D2",3.52525353431702,7.71084022521973
"HP1504901_D21",3.63010883331299,7.56505489349365
"HP1504901_D22",3.84285616874695,6.44554233551025
"HP1504901_D23",3.39108777046204,7.70660543441772
"HP1504901_D24",2.78005456924438,6.89278984069824
"HP1504901_D5",3.67066144943237,7.10182332992554
"HP1504901_D6",5.12714052200317,1.00308406352997
"HP1504901_D7",-4.74504995346069,-0.523509740829468
"HP1504901_D9",5.79373741149902,0.35242572426796
"HP1504901_E14",3.30290031433105,7.26805925369263
"HP1504901_E16",-4.46707963943481,-1.68643438816071
"HP1504901_E18",4.21361780166626,4.10969829559326
"HP1504901_E2",17.0384979248047,12.7368402481079
"HP1504901_E21",-4.51056003570557,-0.70238983631134
"HP1504901_E23",4.06594038009644,2.56487202644348
"HP1504901_E24",3.44358253479004,7.91417121887207
"HP1504901_E6",7.88650894165039,-10.5398225784302
"HP1504901_F1",5.60233545303345,0.188295423984528
"HP1504901_F10",-3.39212226867676,-0.358709156513214
"HP1504901_F11",5.00126266479492,0.98514997959137
"HP1504901_F12",3.99723935127258,5.82938432693481
"HP1504901_F13",-3.82722020149231,-0.621581256389618
"HP1504901_F15",6.05157518386841,0.411080896854401
"HP1504901_F16",16.8444080352783,12.1745433807373
"HP1504901_F17",6.23683500289917,0.205228999257088
"HP1504901_F18",6.03193855285645,0.304794371128082
"HP1504901_F19",3.81073975563049,7.61150026321411
"HP1504901_F2",-3.93840837478638,-0.631959915161133
"HP1504901_F20",3.43747591972351,7.88276243209839
"HP1504901_F24",3.35376501083374,7.7365255355835
"HP1504901_F3",3.58582592010498,7.72923183441162
"HP1504901_F4",3.57844424247742,7.60119771957397
"HP1504901_F5",3.68234276771545,6.0567102432251
"HP1504901_F8",8.21039581298828,-11.1252393722534
"HP1504901_F9",3.28090286254883,7.55335187911987
"HP1504901_G10",17.4886531829834,12.7963285446167
"HP1504901_G11",8.35657024383545,-11.1842737197876
"HP1504901_G12",-4.28665542602539,-0.285062730312347
"HP1504901_G13",3.55190491676331,6.71675539016724
"HP1504901_G15",3.92432641983032,5.40532112121582
"HP1504901_G18",-4.12273788452148,-0.437806189060211
"HP1504901_G19",4.17715311050415,5.0802001953125
"HP1504901_G2",3.09713220596313,7.43821620941162
"HP1504901_G20",3.45922875404358,4.34631586074829
"HP1504901_G21",4.16290521621704,2.69053220748901
"HP1504901_G24",4.01226043701172,5.32213401794434
"HP1504901_G3",3.60443687438965,7.36971426010132
"HP1504901_G4",-4.72416353225708,-0.468376606702805
"HP1504901_G6",3.30411195755005,7.4715633392334
"HP1504901_G8",-4.3531665802002,-0.249403864145279
"HP1504901_G9",3.72006916999817,7.92008018493652
"HP1504901_H1",3.89460039138794,6.17265462875366
"HP1504901_H10",3.56020402908325,7.87427663803101
"HP1504901_H11",5.01373338699341,1.35709154605865
"HP1504901_H12",3.61843276023865,7.05721521377563
"HP1504901_H14",3.51944017410278,7.04003953933716
"HP1504901_H17",6.09221363067627,-0.0503001399338245
"HP1504901_H18",5.38402462005615,1.04743564128876
"HP1504901_H19",2.78554105758667,4.65274095535278
"HP1504901_H2",4.15229940414429,4.83387279510498
"HP1504901_H22",-4.13186550140381,-0.186790183186531
"HP1504901_H4",3.52294135093689,7.13349437713623
"HP1504901_H5",-4.4740514755249,-0.757117450237274
"HP1504901_H6",3.53551936149597,7.50345325469971
"HP1504901_I10",8.40482330322266,-10.7816486358643
"HP1504901_I12",-3.554030418396,-0.287738025188446
"HP1504901_I13",17.2627983093262,12.5683288574219
"HP1504901_I17",16.8160724639893,12.1275386810303
"HP1504901_I18",2.99252080917358,5.95479965209961
"HP1504901_I2",3.87889409065247,6.54637861251831
"HP1504901_I21",3.35819172859192,7.35765981674194
"HP1504901_I22",6.15964317321777,0.351751178503036
"HP1504901_I24",3.61021041870117,6.76936435699463
"HP1504901_I3",3.69349527359009,7.61380958557129
"HP1504901_I7",5.15168237686157,0.603812515735626
"HP1504901_I8",3.5002076625824,7.87655210494995
"HP1504901_J12",4.16058731079102,5.02650737762451
"HP1504901_J17",3.12098097801208,7.69263744354248
"HP1504901_J20",3.64940762519836,7.08079719543457
"HP1504901_J22",3.59415030479431,7.49008178710938
"HP1504901_J23",3.54169631004333,7.8973822593689
"HP1504901_J3",-4.83633041381836,-0.638641774654388
"HP1504901_J4",5.95557403564453,0.261649399995804
"HP1504901_J5",7.90708446502686,-10.5333948135376
"HP1504901_J6",3.68192005157471,7.39647912979126
"HP1504901_J7",-4.66829061508179,-0.805377662181854
"HP1504901_J8",3.13047456741333,6.65546417236328
"HP1504901_J9",5.41774272918701,1.13928723335266
"HP1504901_K1",3.44565272331238,7.81667900085449
"HP1504901_K12",3.15923929214478,7.66085147857666
"HP1504901_K14",2.8777027130127,7.00301265716553
"HP1504901_K19",-4.61735534667969,-0.635280013084412
"HP1504901_K20",5.66233587265015,0.708450794219971
"HP1504901_K22",5.28079414367676,1.17020046710968
"HP1504901_K23",9.35050392150879,-11.5378265380859
"HP1504901_K5",3.33652782440186,7.06091594696045
"HP1504901_K6",3.87562131881714,6.02167892456055
"HP1504901_L1",3.86663293838501,6.30263233184814
"HP1504901_L13",4.11329174041748,4.32833194732666
"HP1504901_L14",3.13468670845032,7.22387266159058
"HP1504901_L16",8.47252559661865,-11.2027063369751
"HP1504901_L17",-4.86993741989136,-0.331133902072906
"HP1504901_L18",5.90200328826904,0.447194784879684
"HP1504901_L20",-4.24319171905518,-0.340722978115082
"HP1504901_L21",4.04254150390625,4.97235059738159
"HP1504901_L22",-4.32424306869507,-0.959939241409302
"HP1504901_L3",5.69899702072144,1.20494282245636
"HP1504901_L8",-4.48709869384766,-1.04779493808746
"HP1504901_L9",5.53544616699219,0.428440868854523
"HP1504901_M12",4.17032861709595,4.3699164390564
"HP1504901_M18",3.37820386886597,7.58089876174927
"HP1504901_M21",5.83605241775513,0.362850338220596
"HP1504901_M24",3.63011240959167,7.84120559692383
"HP1504901_M3",3.04678964614868,7.42672538757324
"HP1504901_M4",3.59222459793091,4.86241912841797
"HP1504901_N1",3.23975419998169,7.754563331604
"HP1504901_N12",3.57734990119934,7.30180883407593
"HP1504901_N13",5.56581974029541,1.02061939239502
"HP1504901_N15",6.01611232757568,0.409842073917389
"HP1504901_N16",3.53443002700806,7.68065071105957
"HP1504901_N17",3.42981171607971,7.77748537063599
"HP1504901_N18",8.56721878051758,-10.8295936584473
"HP1504901_N19",3.79411196708679,7.81541013717651
"HP1504901_N2",3.42810463905334,7.54951429367065
"HP1504901_N22",3.75813388824463,7.92098236083984
"HP1504901_N23",5.76246118545532,1.03128063678741
"HP1504901_N24",4.8892617225647,0.608209013938904
"HP1504901_N7",3.25615048408508,7.05622720718384
"HP1504901_N8",-4.58283376693726,-0.71566516160965
"HP1504901_N9",3.06267499923706,5.90239000320435
"HP1504901_O1",5.96322298049927,0.584902167320251
"HP1504901_O10",3.18548369407654,7.56691741943359
"HP1504901_O11",8.24809551239014,-11.1451463699341
"HP1504901_O14",8.42788410186768,-11.2761573791504
"HP1504901_O16",3.45642709732056,7.72393941879272
"HP1504901_O17",3.2958345413208,7.6634840965271
"HP1504901_O18",-4.10313653945923,-0.25707146525383
"HP1504901_O20",-4.0662407875061,-0.282269328832626
"HP1504901_O21",2.87392354011536,5.46059989929199
"HP1504901_O24",6.03546237945557,0.573781490325928
"HP1504901_O4",7.57716608047485,-11.1048154830933
"HP1504901_O5",2.56988120079041,5.01209306716919
"HP1504901_O6",3.84235310554504,7.88439178466797
"HP1504901_O7",3.5926342010498,7.58548021316528
"HP1504901_O8",-4.18083715438843,-0.635971307754517
"HP1504901_O9",3.7991931438446,6.6970272064209
"HP1504901_P10",3.35801124572754,7.7947039604187
"HP1504901_P11",8.32419204711914,-11.2930202484131
"HP1504901_P14",-5.03107166290283,-0.102312907576561
"HP1504901_P18",17.3054523468018,12.2764616012573
"HP1504901_P20",4.11968183517456,6.22807502746582
"HP1504901_P21",3.46085023880005,7.55807304382324
"HP1504901_P3",16.7684097290039,12.208909034729
"HP1504901_P7",8.82396984100342,-11.1146926879883
"HP1506401_A12",8.20209217071533,-11.0161695480347
"HP1506401_A15",5.94505214691162,-0.393615573644638
"HP1506401_A17",5.9384069442749,-0.365262538194656
"HP1506401_A18",8.49423027038574,-11.2373113632202
"HP1506401_A20",8.81270027160645,-11.0828943252563
"HP1506401_A21",3.45877170562744,7.86456966400146
"HP1506401_A24",5.9939398765564,-0.240361124277115
"HP1506401_A4",9.71257305145264,-12.3752889633179
"HP1506401_A5",3.53739190101624,7.78979253768921
"HP1506401_B11",6.12176847457886,-0.362315356731415
"HP1506401_B17",8.60884189605713,-11.3801155090332
"HP1506401_B22",6.02735090255737,-0.15984146296978
"HP1506401_B23",7.75756931304932,-10.9560527801514
"HP1506401_B24",8.64379978179932,-11.2606029510498
"HP1506401_B3",6.0916953086853,0.00197555520571768
"HP1506401_B4",6.04461812973022,-0.00568401906639338
"HP1506401_C15",5.9865026473999,-0.323200196027756
"HP1506401_C16",8.63478755950928,-11.2454090118408
"HP1506401_C17",9.21050930023193,-11.670726776123
"HP1506401_C4",5.99992513656616,-0.374591827392578
"HP1506401_C5",3.08841061592102,7.62326288223267
"HP1506401_C8",5.92481136322021,-0.295209407806396
"HP1506401_C9",6.05840730667114,-0.335171520709991
"HP1506401_D1",8.544846534729,-11.3978595733643
"HP1506401_D13",6.06225872039795,-0.187603056430817
"HP1506401_D15",8.22556018829346,-10.7917947769165
"HP1506401_D17",7.69883918762207,-10.7211360931396
"HP1506401_D2",7.9450044631958,-10.8045024871826
"HP1506401_D7",8.99147415161133,-11.5440187454224
"HP1506401_D8",8.57755088806152,-11.1147432327271
"HP1506401_D9",5.9567346572876,-0.419019430875778
"HP1506401_E11",2.99104595184326,7.56908702850342
"HP1506401_E12",6.20508575439453,-0.119853667914867
"HP1506401_E15",3.29346489906311,6.88748645782471
"HP1506401_E16",5.93705129623413,0.109160549938679
"HP1506401_E17",8.23436450958252,-11.0488595962524
"HP1506401_E6",8.41239070892334,-10.9761743545532
"HP1506401_F10",8.66724872589111,-11.2846326828003
"HP1506401_F11",5.98643064498901,-0.225709289312363
"HP1506401_F12",5.94370412826538,-0.518933296203613
"HP1506401_F13",3.58889532089233,7.87714290618896
"HP1506401_F17",3.50365471839905,7.83404445648193
"HP1506401_F18",6.00016307830811,-0.409036695957184
"HP1506401_F19",7.91885900497437,-10.8055963516235
"HP1506401_F21",8.24457550048828,-10.9255466461182
"HP1506401_F23",8.54818630218506,-11.3671140670776
"HP1506401_F24",6.03703832626343,-0.190742552280426
"HP1506401_F8",5.97857284545898,-0.316008448600769
"HP1506401_F9",5.91705083847046,-0.415103197097778
"HP1506401_G1",3.67127752304077,7.76938343048096
"HP1506401_G11",6.00146102905273,-0.118920542299747
"HP1506401_G12",5.99280643463135,-0.349077999591827
"HP1506401_G13",3.36837649345398,7.73138380050659
"HP1506401_G18",8.41271591186523,-11.2023801803589
"HP1506401_G19",8.49844455718994,-10.9420490264893
"HP1506401_G2",8.09018993377686,-10.6709032058716
"HP1506401_G20",8.6274585723877,-10.9549694061279
"HP1506401_G21",8.20363330841064,-11.290548324585
"HP1506401_G23",7.8585262298584,-10.7868967056274
"HP1506401_G24",3.44625854492188,7.73546886444092
"HP1506401_G3",3.62789225578308,7.87352323532104
"HP1506401_G5",3.42499923706055,7.57294797897339
"HP1506401_G6",6.04143762588501,-0.35283437371254
"HP1506401_G8",6.01001787185669,-0.27681303024292
"HP1506401_G9",5.88647174835205,-0.514934599399567
"HP1506401_H13",3.48655343055725,7.58537673950195
"HP1506401_H14",3.6723370552063,7.25015449523926
"HP1506401_H19",5.90978574752808,-0.227051675319672
"HP1506401_H2",8.61804866790771,-11.5445346832275
"HP1506401_H22",3.35210466384888,7.90420866012573
"HP1506401_H23",7.93632698059082,-10.6635265350342
"HP1506401_H4",8.51262664794922,-11.2312202453613
"HP1506401_H6",8.41851425170898,-10.871356010437
"HP1506401_H7",7.77080011367798,-10.8232345581055
"HP1506401_H9",8.86055374145508,-11.5115451812744
"HP1506401_I1",6.03538846969604,-0.337781935930252
"HP1506401_I11",6.01991367340088,-0.353407680988312
"HP1506401_I12",5.94767713546753,-0.38081556558609
"HP1506401_I14",2.9159779548645,6.06613922119141
"HP1506401_I17",6.05685901641846,-0.0834074914455414
"HP1506401_I2",6.10544347763062,0.062123566865921
"HP1506401_I21",8.48719882965088,-11.0209150314331
"HP1506401_I23",5.77140092849731,-0.456645667552948
"HP1506401_I24",8.61863994598389,-11.0114965438843
"HP1506401_I4",8.43756580352783,-10.939902305603
"HP1506401_I8",3.5951783657074,7.76422452926636
"HP1506401_J17",6.10290050506592,-0.316631704568863
"HP1506401_J19",5.77711629867554,-0.559886813163757
"HP1506401_J20",8.38967704772949,-11.1540746688843
"HP1506401_J21",8.55898189544678,-11.2573356628418
"HP1506401_J22",9.87117385864258,-11.6807050704956
"HP1506401_J4",3.15644693374634,7.52210855484009
"HP1506401_J5",8.30502223968506,-11.2220783233643
"HP1506401_J7",8.54768180847168,-11.126895904541
"HP1506401_J8",8.30941772460938,-10.7928609848022
"HP1506401_K1",6.09747076034546,-0.148574247956276
"HP1506401_K12",3.74580717086792,7.94276809692383
"HP1506401_K16",8.500244140625,-11.1764488220215
"HP1506401_K17",9.0254602432251,-11.7447557449341
"HP1506401_K19",8.46037292480469,-11.2255392074585
"HP1506401_K21",5.99476623535156,-0.27282789349556
"HP1506401_K22",6.04863786697388,0.027937026694417
"HP1506401_K23",6.09903383255005,-0.0720182433724403
"HP1506401_K4",8.21559238433838,-10.8347797393799
"HP1506401_L1",8.6376781463623,-11.2331714630127
"HP1506401_L10",8.04775905609131,-10.5232172012329
"HP1506401_L13",8.77149677276611,-11.4750738143921
"HP1506401_L17",5.92830944061279,-0.138911053538322
"HP1506401_L20",8.37075042724609,-11.2769060134888
"HP1506401_L21",8.39519214630127,-10.9895763397217
"HP1506401_L23",3.72228145599365,7.78764915466309
"HP1506401_L4",8.10165882110596,-11.0950870513916
"HP1506401_L5",5.93655633926392,-0.453798472881317
"HP1506401_M11",8.53413105010986,-11.1709003448486
"HP1506401_M12",3.5005054473877,7.73325777053833
"HP1506401_M16",7.92865610122681,-10.8285055160522
"HP1506401_M21",8.53845119476318,-11.04612159729
"HP1506401_M6",6.11524391174316,0.151294365525246
"HP1506401_N10",8.29769420623779,-10.9114217758179
"HP1506401_N11",5.96766662597656,-0.291707187891006
"HP1506401_N16",8.53357219696045,-11.4142265319824
"HP1506401_N17",8.7965202331543,-11.1230344772339
"HP1506401_N19",3.13248944282532,6.71011066436768
"HP1506401_N20",6.0254020690918,-0.357362329959869
"HP1506401_N4",3.51900625228882,7.71193885803223
"HP1506401_O10",6.04316329956055,-0.0289129000157118
"HP1506401_O11",5.93700933456421,-0.31363970041275
"HP1506401_O2",8.21799278259277,-11.0480442047119
"HP1506401_O23",3.48976254463196,7.80210781097412
"HP1506401_O3",3.58733320236206,7.41707897186279
"HP1506401_O4",8.74545955657959,-11.2988624572754
"HP1506401_O8",8.47421360015869,-11.1627264022827
"HP1506401_P1",9.90637493133545,-11.981484413147
"HP1506401_P11",8.15398025512695,-10.646656036377
"HP1506401_P12",5.98097610473633,-0.135527655482292
"HP1506401_P14",6.04601860046387,-0.393646448850632
"HP1506401_P19",3.55506300926208,7.75018644332886
"HP1506401_P21",8.75740909576416,-11.4978322982788
"HP1506401_P22",8.81397533416748,-11.1304492950439
"HP1506401_P3",3.52873873710632,7.85587930679321
"HP1506401_P4",8.02798366546631,-10.7906904220581
"HP1506401_P5",7.93432378768921,-10.9735641479492
"HP1507101_A12",6.05687046051025,-0.176561161875725
"HP1507101_A14",3.3722722530365,7.77531003952026
"HP1507101_A20",3.40898513793945,7.77340412139893
"HP1507101_A22",3.49056196212769,7.84828329086304
"HP1507101_A4",3.31596350669861,7.77553558349609
"HP1507101_A5",5.63668584823608,0.927930653095245
"HP1507101_A6",6.10998630523682,-0.400942891836166
"HP1507101_B1",3.33515930175781,7.84859275817871
"HP1507101_B12",3.53617382049561,7.89004707336426
"HP1507101_B13",3.26772689819336,7.67875146865845
"HP1507101_B14",3.40028381347656,7.79201459884644
"HP1507101_B16",3.69850277900696,7.71953582763672
"HP1507101_B18",3.87272334098816,7.77178955078125
"HP1507101_B19",3.56799411773682,7.81679821014404
"HP1507101_B20",5.92296981811523,0.646136164665222
"HP1507101_B23",6.17104196548462,0.121003858745098
"HP1507101_B24",3.40106868743896,7.49005937576294
"HP1507101_B3",3.48262500762939,7.77412748336792
"HP1507101_B4",3.47955822944641,7.30821561813354
"HP1507101_B5",6.08739995956421,-0.292151629924774
"HP1507101_B6",3.57146620750427,7.73351955413818
"HP1507101_B7",3.09390020370483,7.55990219116211
"HP1507101_C12",5.97400951385498,-0.251104056835175
"HP1507101_C14",3.40223336219788,7.94497537612915
"HP1507101_C18",3.62128138542175,7.76658582687378
"HP1507101_C2",3.49334049224854,7.71701240539551
"HP1507101_C4",3.44606161117554,7.82102584838867
"HP1507101_C5",3.35062837600708,7.50724411010742
"HP1507101_C7",6.14317083358765,0.000189635771675967
"HP1507101_C8",3.26169919967651,7.74640893936157
"HP1507101_D1",3.49828457832336,7.67857789993286
"HP1507101_D10",16.9496650695801,12.2958602905273
"HP1507101_D12",3.73867344856262,7.76871013641357
"HP1507101_D14",3.48440289497375,7.80401229858398
"HP1507101_D15",3.51868486404419,7.85527515411377
"HP1507101_D17",3.54200649261475,7.81533765792847
"HP1507101_D18",3.503573179245,7.84581184387207
"HP1507101_D2",3.41728758811951,7.81287527084351
"HP1507101_D22",5.99291372299194,-0.288274019956589
"HP1507101_D23",5.9135890007019,-0.250757962465286
"HP1507101_D3",5.96660280227661,-0.155457198619843
"HP1507101_D5",3.40302705764771,7.78847408294678
"HP1507101_D6",5.97042655944824,-0.168569773435593
"HP1507101_D8",3.48363184928894,7.68762969970703
"HP1507101_E10",3.43152022361755,7.80143451690674
"HP1507101_E12",3.45923089981079,7.42729806900024
"HP1507101_E14",5.92899751663208,-0.0935953557491302
"HP1507101_E2",3.54008746147156,7.87632846832275
"HP1507101_E20",3.28107857704163,7.85005712509155
"HP1507101_E24",3.53085851669312,7.80127429962158
"HP1507101_E6",3.59684228897095,7.66293859481812
"HP1507101_E7",3.32448863983154,7.75537443161011
"HP1507101_E8",3.49074387550354,7.84902477264404
"HP1507101_E9",3.49266147613525,7.84342956542969
"HP1507101_F1",3.61043572425842,7.86529111862183
"HP1507101_F10",5.79263019561768,0.716467797756195
"HP1507101_F11",5.98953342437744,0.0964386090636253
"HP1507101_F12",5.97050046920776,0.409013956785202
"HP1507101_F13",3.51948690414429,7.82667875289917
"HP1507101_F14",5.95091009140015,-0.177725821733475
"HP1507101_F15",7.84473133087158,-10.8824605941772
"HP1507101_F16",3.57524061203003,7.88065719604492
"HP1507101_F18",3.48165822029114,7.79162263870239
"HP1507101_F19",3.79415059089661,7.78477334976196
"HP1507101_F2",3.31630873680115,7.72803163528442
"HP1507101_F20",3.44228768348694,7.88014554977417
"HP1507101_F22",3.57172513008118,7.77135705947876
"HP1507101_F23",6.02448225021362,-0.0230681207031012
"HP1507101_F3",3.35430121421814,7.81044960021973
"HP1507101_F4",6.12986755371094,-0.273718565702438
"HP1507101_F5",3.76403379440308,7.93030691146851
"HP1507101_F7",3.70636987686157,7.92411088943481
"HP1507101_F8",3.58776354789734,7.7438702583313
"HP1507101_G10",7.96509027481079,-10.6996488571167
"HP1507101_G12",3.3982629776001,7.76268768310547
"HP1507101_G13",3.49852395057678,7.74530839920044
"HP1507101_G14",3.23724555969238,7.82090091705322
"HP1507101_G15",3.15711379051208,7.65550374984741
"HP1507101_G16",3.66021299362183,7.83263969421387
"HP1507101_G18",3.58949375152588,7.92741823196411
"HP1507101_G22",3.25089550018311,7.69168853759766
"HP1507101_G23",3.6152720451355,7.88158798217773
"HP1507101_G6",3.4573655128479,7.931312084198
"HP1507101_G8",3.35858535766602,7.72427272796631
"HP1507101_H1",3.48253130912781,7.84948492050171
"HP1507101_H11",3.00308752059937,7.42369747161865
"HP1507101_H12",3.43740630149841,7.82919073104858
"HP1507101_H14",3.33241605758667,7.83021974563599
"HP1507101_H15",3.48566770553589,7.93960857391357
"HP1507101_H16",8.43320846557617,-11.2474203109741
"HP1507101_H17",6.01775932312012,-0.302415162324905
"HP1507101_H22",3.56909418106079,7.8381814956665
"HP1507101_H23",3.57710695266724,7.84098434448242
"HP1507101_H3",3.55115175247192,7.87891340255737
"HP1507101_H4",5.98447418212891,-0.104222908616066
"HP1507101_H5",3.52837800979614,7.69964027404785
"HP1507101_H6",3.47674989700317,7.77396869659424
"HP1507101_H7",3.46179580688477,7.85692453384399
"HP1507101_H9",3.4242742061615,7.95321750640869
"HP1507101_I11",3.52333402633667,7.857497215271
"HP1507101_I12",6.00792074203491,-0.29880079627037
"HP1507101_I13",3.55985522270203,7.84491968154907
"HP1507101_I16",3.29588532447815,7.69720363616943
"HP1507101_I17",3.61340761184692,7.87483882904053
"HP1507101_I18",5.95345640182495,-0.489827185869217
"HP1507101_I19",3.2018187046051,7.73717260360718
"HP1507101_I2",3.36291646957397,7.80770444869995
"HP1507101_I20",3.47570514678955,7.8777003288269
"HP1507101_I22",3.51704621315002,7.99548053741455
"HP1507101_I4",3.43807768821716,7.8118257522583
"HP1507101_I5",3.47054290771484,7.74712371826172
"HP1507101_I6",3.66359615325928,7.81299304962158
"HP1507101_I8",3.50521755218506,7.84089183807373
"HP1507101_J1",3.71266174316406,7.73495674133301
"HP1507101_J11",3.40199422836304,7.7835865020752
"HP1507101_J13",3.38359665870667,7.85985231399536
"HP1507101_J15",8.43035316467285,-11.2931871414185
"HP1507101_J17",3.42204761505127,7.69998741149902
"HP1507101_J18",3.58604097366333,7.95150899887085
"HP1507101_J19",6.12057113647461,-0.0680757090449333
"HP1507101_J2",3.30910062789917,7.77804470062256
"HP1507101_J20",5.95311832427979,-0.455629974603653
"HP1507101_J21",3.18814396858215,7.58511638641357
"HP1507101_J22",3.17832517623901,7.71243095397949
"HP1507101_J23",3.23211431503296,7.61950206756592
"HP1507101_J24",3.57686352729797,7.62902641296387
"HP1507101_J3",3.37683653831482,7.77306318283081
"HP1507101_J5",3.44269227981567,7.90096235275269
"HP1507101_K15",6.07335519790649,-0.13022243976593
"HP1507101_K16",8.39082622528076,-11.0793476104736
"HP1507101_K23",5.7385425567627,-0.314443647861481
"HP1507101_K3",3.36054944992065,7.78580856323242
"HP1507101_K4",3.28075790405273,7.80761098861694
"HP1507101_K8",2.97102022171021,7.43044567108154
"HP1507101_L11",3.16689991950989,7.5262713432312
"HP1507101_L14",3.59515881538391,7.86594104766846
"HP1507101_L16",5.95719957351685,-0.26108518242836
"HP1507101_L18",3.59097576141357,7.89767599105835
"HP1507101_L19",3.29461312294006,7.81540155410767
"HP1507101_L2",3.550048828125,7.629723072052
"HP1507101_L21",3.58676958084106,7.83525657653809
"HP1507101_L22",5.87942695617676,-0.247254759073257
"HP1507101_L23",5.10007047653198,1.37307286262512
"HP1507101_L24",6.06265783309937,0.189196929335594
"HP1507101_L3",3.48313617706299,7.81606388092041
"HP1507101_L4",5.55463647842407,1.03706443309784
"HP1507101_L5",3.28814601898193,7.37671613693237
"HP1507101_L7",3.53883695602417,7.80966281890869
"HP1507101_M12",3.4741382598877,7.37215614318848
"HP1507101_M18",3.66306018829346,7.90104532241821
"HP1507101_M2",3.86804103851318,7.7893238067627
"HP1507101_M22",5.8651442527771,0.530664145946503
"HP1507101_M4",3.68136548995972,7.82143354415894
"HP1507101_M8",5.82719612121582,-0.328588843345642
"HP1507101_N1",3.78387761116028,7.36000633239746
"HP1507101_N13",5.85228633880615,-0.283204942941666
"HP1507101_N16",3.77822971343994,7.77361965179443
"HP1507101_N19",3.48440003395081,7.84412145614624
"HP1507101_N2",3.61727809906006,7.63040971755981
"HP1507101_N20",3.23744750022888,7.67274284362793
"HP1507101_N4",3.07531595230103,7.08891868591309
"HP1507101_N5",6.08228349685669,0.180880457162857
"HP1507101_N6",5.99798011779785,-0.450860112905502
"HP1507101_N8",8.40371131896973,-11.1780958175659
"HP1507101_N9",3.41339206695557,7.82967376708984
"HP1507101_O1",3.37270569801331,7.7958664894104
"HP1507101_O11",3.50877332687378,7.90049886703491
"HP1507101_O12",7.79913711547852,-11.2189674377441
"HP1507101_O13",3.29969167709351,7.78905248641968
"HP1507101_O14",3.1524658203125,7.61103296279907
"HP1507101_O16",3.51108932495117,7.83025360107422
"HP1507101_O19",6.07932806015015,-0.424653917551041
"HP1507101_O20",3.20612740516663,7.61758899688721
"HP1507101_O22",3.38971138000488,7.72137546539307
"HP1507101_O23",5.06563425064087,0.74345076084137
"HP1507101_O3",6.09975337982178,-0.293963551521301
"HP1507101_O5",3.66524243354797,7.78549575805664
"HP1507101_O8",6.11181974411011,-0.190833136439323
"HP1507101_P1",8.03540325164795,-10.9485988616943
"HP1507101_P10",3.38445043563843,7.78059482574463
"HP1507101_P12",3.55971217155457,8.02908134460449
"HP1507101_P2",6.15901327133179,-0.366528391838074
"HP1507101_P21",5.61128425598145,0.928542852401733
"HP1507101_P23",3.35172390937805,7.83742189407349
"HP1507101_P3",3.03594017028809,7.46980333328247
"HP1507101_P4",3.53419899940491,7.75680541992188
"HP1507101_P5",3.11375451087952,7.43542623519897
"HP1507101_P8",3.27840304374695,7.74169874191284
"HP1508501T2D_A10",6.03182029724121,-0.112131983041763
"HP1508501T2D_A12",3.5705099105835,7.64698839187622
"HP1508501T2D_A13",3.37761473655701,7.78654193878174
"HP1508501T2D_A14",3.4965455532074,7.86788845062256
"HP1508501T2D_A15",3.09500455856323,7.17254877090454
"HP1508501T2D_A16",3.45212507247925,7.62227630615234
"HP1508501T2D_A17",7.82492733001709,-11.0119543075562
"HP1508501T2D_A19",6.09948015213013,-0.14895087480545
"HP1508501T2D_A3",3.6013650894165,7.90026664733887
"HP1508501T2D_A4",5.98447799682617,-0.435445874929428
"HP1508501T2D_A7",8.28932094573975,-10.9675807952881
"HP1508501T2D_B10",6.09747171401978,-0.0208611898124218
"HP1508501T2D_B11",3.67298769950867,7.79957294464111
"HP1508501T2D_B12",3.48847198486328,7.75759506225586
"HP1508501T2D_B15",3.36208343505859,7.79746103286743
"HP1508501T2D_B16",5.96547555923462,-0.48874294757843
"HP1508501T2D_B17",8.82951545715332,-11.4684820175171
"HP1508501T2D_B18",8.86276721954346,-11.3442401885986
"HP1508501T2D_B19",9.03208065032959,-11.5572032928467
"HP1508501T2D_B20",5.88441324234009,0.14699475467205
"HP1508501T2D_B23",3.38689994812012,7.56139755249023
"HP1508501T2D_B3",3.52564716339111,7.79153537750244
"HP1508501T2D_B4",3.38309359550476,7.76985931396484
"HP1508501T2D_B5",3.98984026908875,6.62633466720581
"HP1508501T2D_B8",3.66236209869385,7.79392623901367
"HP1508501T2D_B9",3.50887274742126,7.7982006072998
"HP1508501T2D_C10",3.48803162574768,7.84747886657715
"HP1508501T2D_C11",7.93727588653564,-11.3187856674194
"HP1508501T2D_C13",3.63330841064453,7.77542972564697
"HP1508501T2D_C14",5.86172723770142,-0.222765728831291
"HP1508501T2D_C15",8.17397499084473,-11.300612449646
"HP1508501T2D_C16",5.33315515518188,-0.0200999602675438
"HP1508501T2D_C17",5.12567758560181,0.373343229293823
"HP1508501T2D_C18",8.26838207244873,-11.0235404968262
"HP1508501T2D_C19",7.59469842910767,-10.7073059082031
"HP1508501T2D_C2",8.11127185821533,-10.902717590332
"HP1508501T2D_C20",3.56699800491333,7.89556884765625
"HP1508501T2D_C23",3.44395971298218,7.65079593658447
"HP1508501T2D_C4",6.06570625305176,-0.459557265043259
"HP1508501T2D_C8",6.01255416870117,0.329054087400436
"HP1508501T2D_D1",3.27068185806274,7.78841161727905
"HP1508501T2D_D10",3.48013782501221,7.59363126754761
"HP1508501T2D_D11",3.43140506744385,7.82367038726807
"HP1508501T2D_D13",3.67867755889893,7.7299919128418
"HP1508501T2D_D14",3.52452731132507,7.80062627792358
"HP1508501T2D_D15",5.75295352935791,0.395970672369003
"HP1508501T2D_D16",5.65755605697632,-0.523223757743835
"HP1508501T2D_D17",3.60755395889282,7.8386402130127
"HP1508501T2D_D2",4.00861549377441,7.44312858581543
"HP1508501T2D_D20",3.59247279167175,7.80928325653076
"HP1508501T2D_D21",3.97375750541687,7.25140380859375
"HP1508501T2D_D22",8.14470195770264,-11.2384700775146
"HP1508501T2D_D3",3.44716858863831,7.80972385406494
"HP1508501T2D_D5",3.49009847640991,7.83295059204102
"HP1508501T2D_D6",3.50713300704956,7.76285982131958
"HP1508501T2D_D8",3.57624006271362,7.72810935974121
"HP1508501T2D_E10",3.48855066299438,7.79681968688965
"HP1508501T2D_E11",8.16543865203857,-11.1349935531616
"HP1508501T2D_E12",3.40522956848145,7.86801195144653
"HP1508501T2D_E13",3.81425857543945,7.53085136413574
"HP1508501T2D_E14",3.36806988716125,7.83721876144409
"HP1508501T2D_E15",8.30309104919434,-11.0722599029541
"HP1508501T2D_E16",9.66436672210693,-11.9001607894897
"HP1508501T2D_E17",8.57823371887207,-11.5409784317017
"HP1508501T2D_E18",3.41155529022217,7.5761866569519
"HP1508501T2D_E19",3.63209915161133,7.74656438827515
"HP1508501T2D_E2",3.53971171379089,7.72182559967041
"HP1508501T2D_E21",3.66280961036682,7.78335762023926
"HP1508501T2D_E22",3.8305025100708,7.83171606063843
"HP1508501T2D_E23",3.83976125717163,7.77478981018066
"HP1508501T2D_E6",3.18716406822205,6.20825672149658
"HP1508501T2D_E7",7.72939777374268,-11.1956577301025
"HP1508501T2D_E8",3.3234486579895,7.81079387664795
"HP1508501T2D_E9",7.64991903305054,-11.1550245285034
"HP1508501T2D_F1",5.95813226699829,-0.186214625835419
"HP1508501T2D_F11",6.03556823730469,0.15259550511837
"HP1508501T2D_F12",7.78458499908447,-10.7938089370728
"HP1508501T2D_F15",7.73161268234253,-11.0497188568115
"HP1508501T2D_F16",3.81332612037659,7.86021327972412
"HP1508501T2D_F17",3.91722011566162,6.94715118408203
"HP1508501T2D_F18",3.68403244018555,7.52327537536621
"HP1508501T2D_F2",3.55930805206299,7.67148208618164
"HP1508501T2D_F20",3.55790376663208,7.86704730987549
"HP1508501T2D_F23",3.5724561214447,7.74888324737549
"HP1508501T2D_F3",5.96636390686035,-0.413411617279053
"HP1508501T2D_F4",8.86044979095459,-11.4685821533203
"HP1508501T2D_F5",10.3939666748047,-11.4178466796875
"HP1508501T2D_F7",5.66911697387695,-0.57412713766098
"HP1508501T2D_F8",8.02925205230713,-11.0590572357178
"HP1508501T2D_F9",3.60027289390564,7.80238580703735
"HP1508501T2D_G1",8.09964179992676,-11.1199436187744
"HP1508501T2D_G10",3.62238955497742,7.79353761672974
"HP1508501T2D_G11",3.78537631034851,7.89199066162109
"HP1508501T2D_G13",9.0874195098877,-11.7750940322876
"HP1508501T2D_G14",8.5943021774292,-11.4197635650635
"HP1508501T2D_G15",3.48443698883057,7.78219509124756
"HP1508501T2D_G2",8.6760368347168,-11.359790802002
"HP1508501T2D_G20",3.74261975288391,7.81268119812012
"HP1508501T2D_G21",3.7192816734314,7.76985692977905
"HP1508501T2D_G22",6.11728525161743,-0.156789869070053
"HP1508501T2D_G3",8.58984756469727,-11.1231441497803
"HP1508501T2D_G4",3.25536918640137,7.57474946975708
"HP1508501T2D_G5",5.76029396057129,-0.36483633518219
"HP1508501T2D_G6",2.49374175071716,4.94794797897339
"HP1508501T2D_H10",3.63322591781616,6.99560594558716
"HP1508501T2D_H11",5.74418497085571,0.427513629198074
"HP1508501T2D_H13",8.56485652923584,-11.4947195053101
"HP1508501T2D_H14",9.79601764678955,-12.386570930481
"HP1508501T2D_H15",3.93601417541504,5.32348728179932
"HP1508501T2D_H17",8.5762882232666,-11.0625677108765
"HP1508501T2D_H18",6.14740705490112,0.0743841826915741
"HP1508501T2D_H21",3.53779888153076,7.83969402313232
"HP1508501T2D_H22",3.33910179138184,7.37183713912964
"HP1508501T2D_H23",3.50639867782593,7.57013416290283
"HP1508501T2D_H3",3.68926382064819,7.77582502365112
"HP1508501T2D_H4",3.57942485809326,7.76226472854614
"HP1508501T2D_H6",3.7298538684845,7.81612825393677
"HP1508501T2D_I1",8.98711681365967,-11.6331472396851
"HP1508501T2D_I11",8.20645046234131,-11.2011137008667
"HP1508501T2D_I12",8.2801685333252,-11.27991771698
"HP1508501T2D_I13",7.57292127609253,-11.0212440490723
"HP1508501T2D_I14",3.01729226112366,6.49784421920776
"HP1508501T2D_I15",3.53408980369568,7.79714965820312
"HP1508501T2D_I16",3.43903565406799,7.76556873321533
"HP1508501T2D_I17",9.23813343048096,-11.3966255187988
"HP1508501T2D_I18",5.83336210250854,0.639660120010376
"HP1508501T2D_I2",3.71293473243713,7.81665515899658
"HP1508501T2D_I20",3.69916796684265,7.85382556915283
"HP1508501T2D_I21",9.38801097869873,-11.819372177124
"HP1508501T2D_I22",3.38325524330139,7.66661167144775
"HP1508501T2D_I23",5.81189489364624,0.693204581737518
"HP1508501T2D_I4",9.20457935333252,-11.4165334701538
"HP1508501T2D_I8",6.04308557510376,-0.172746390104294
"HP1508501T2D_J1",3.59472179412842,7.92868328094482
"HP1508501T2D_J11",8.73808193206787,-11.5472297668457
"HP1508501T2D_J12",3.338547706604,7.82152605056763
"HP1508501T2D_J13",8.49446105957031,-11.230580329895
"HP1508501T2D_J14",8.52265071868896,-11.3552522659302
"HP1508501T2D_J15",8.69197082519531,-11.5026788711548
"HP1508501T2D_J16",9.08475875854492,-11.4777631759644
"HP1508501T2D_J17",3.56366157531738,7.7336106300354
"HP1508501T2D_J18",5.95504903793335,0.474245995283127
"HP1508501T2D_J20",3.63046836853027,7.92843008041382
"HP1508501T2D_J21",3.32087349891663,7.41821098327637
"HP1508501T2D_J22",8.74376010894775,-11.3761777877808
"HP1508501T2D_J3",3.57359576225281,7.05691814422607
"HP1508501T2D_J4",3.61414456367493,7.64667701721191
"HP1508501T2D_J5",3.59957075119019,7.74539709091187
"HP1508501T2D_J6",6.03243923187256,-0.164046302437782
"HP1508501T2D_J8",3.5413384437561,7.82028722763062
"HP1508501T2D_J9",3.54767203330994,7.89131498336792
"HP1508501T2D_K1",3.74892568588257,7.72663974761963
"HP1508501T2D_K12",3.61517286300659,7.72669696807861
"HP1508501T2D_K14",3.57183361053467,7.91823816299438
"HP1508501T2D_K15",9.8421573638916,-12.1989669799805
"HP1508501T2D_K16",6.17989778518677,-0.133409485220909
"HP1508501T2D_K17",3.74263381958008,7.63186931610107
"HP1508501T2D_K18",17.1911487579346,12.2234392166138
"HP1508501T2D_K19",3.69879269599915,7.82286357879639
"HP1508501T2D_K2",8.03392601013184,-11.2215347290039
"HP1508501T2D_K21",3.52096271514893,7.89639711380005
"HP1508501T2D_K22",9.45085334777832,-11.9200801849365
"HP1508501T2D_K23",8.66419124603271,-11.2728242874146
"HP1508501T2D_K3",8.66834259033203,-11.3381471633911
"HP1508501T2D_K4",3.79375338554382,7.40345525741577
"HP1508501T2D_K7",8.7146635055542,-11.4552297592163
"HP1508501T2D_K9",3.5296311378479,7.71749448776245
"HP1508501T2D_L11",8.53924560546875,-11.2189655303955
"HP1508501T2D_L13",3.46274447441101,7.74476909637451
"HP1508501T2D_L14",3.46242594718933,7.83973741531372
"HP1508501T2D_L16",4.04191923141479,7.78034925460815
"HP1508501T2D_L17",3.09495663642883,7.53210163116455
"HP1508501T2D_L18",3.36740875244141,7.78168678283691
"HP1508501T2D_L20",8.006422996521,-11.0961570739746
"HP1508501T2D_L21",8.23225879669189,-10.9210987091064
"HP1508501T2D_L23",8.45936965942383,-11.3018398284912
"HP1508501T2D_L5",8.10917472839355,-10.6716299057007
"HP1508501T2D_L6",3.59649801254272,7.84300947189331
"HP1508501T2D_L7",3.59100008010864,7.7053484916687
"HP1508501T2D_L9",9.26967525482178,-11.6603775024414
"HP1508501T2D_M12",3.56914281845093,7.86634302139282
"HP1508501T2D_M14",5.99993467330933,-0.464309275150299
"HP1508501T2D_M15",9.03681659698486,-11.6516723632812
"HP1508501T2D_M17",7.546555519104,-11.0656366348267
"HP1508501T2D_M19",3.51778435707092,7.88175487518311
"HP1508501T2D_M20",3.48430252075195,7.72550439834595
"HP1508501T2D_M22",8.63320064544678,-11.4128761291504
"HP1508501T2D_M23",9.3765811920166,-11.5750570297241
"HP1508501T2D_M3",8.96833992004395,-11.4341707229614
"HP1508501T2D_M4",3.51618337631226,7.77476215362549
"HP1508501T2D_M5",3.27001857757568,7.05149221420288
"HP1508501T2D_M8",3.8967432975769,7.8268928527832
"HP1508501T2D_M9",6.08551216125488,-0.166464373469353
"HP1508501T2D_N1",8.37909603118896,-11.1422662734985
"HP1508501T2D_N10",8.52986431121826,-11.3416690826416
"HP1508501T2D_N11",3.40373992919922,7.83285617828369
"HP1508501T2D_N15",8.89944171905518,-11.4580583572388
"HP1508501T2D_N17",8.31835556030273,-10.9378700256348
"HP1508501T2D_N18",6.06430864334106,-0.264868557453156
"HP1508501T2D_N19",8.27899932861328,-10.8197164535522
"HP1508501T2D_N2",8.47664070129395,-11.2755327224731
"HP1508501T2D_N20",3.32143592834473,7.92352390289307
"HP1508501T2D_N22",8.59704208374023,-11.1344871520996
"HP1508501T2D_N23",8.66884613037109,-11.4175710678101
"HP1508501T2D_N4",3.67588758468628,7.78666400909424
"HP1508501T2D_N5",3.76049566268921,7.73193597793579
"HP1508501T2D_N6",8.42013549804688,-10.9807291030884
"HP1508501T2D_N7",8.04123210906982,-10.9593210220337
"HP1508501T2D_N8",8.487060546875,-11.0639047622681
"HP1508501T2D_N9",8.12392520904541,-10.7172355651855
"HP1508501T2D_O1",3.44454598426819,7.63509130477905
"HP1508501T2D_O12",8.41271495819092,-10.5223693847656
"HP1508501T2D_O14",3.03792262077332,7.58806657791138
"HP1508501T2D_O3",8.60494041442871,-11.399076461792
"HP1508501T2D_O4",5.81897830963135,-0.360302209854126
"HP1508501T2D_O8",9.59232521057129,-11.9377374649048
"HP1508501T2D_O9",8.52972888946533,-11.4180545806885
"HP1508501T2D_P11",3.79832601547241,7.89634943008423
"HP1508501T2D_P3",3.66118550300598,7.72381782531738
"HP1508501T2D_P4",6.09287023544312,-0.0103094754740596
"HP1508501T2D_P6",3.81841468811035,7.76370573043823
"HP1508501T2D_P7",3.46967458724976,7.95207691192627
"HP1508501T2D_P8",3.61542463302612,7.93105173110962
"HP1508501T2D_P9",3.45462942123413,7.56091451644897
"HP1509101_A3",3.39307618141174,7.79240942001343
"HP1509101_A7",3.61277270317078,7.69110345840454
"HP1509101_A8",7.7613730430603,-10.6971445083618
"HP1509101_B10",3.56401133537292,7.83447217941284
"HP1509101_B13",5.62480545043945,0.339339315891266
"HP1509101_B19",7.89421606063843,-10.9557399749756
"HP1509101_B20",3.68854856491089,7.91748428344727
"HP1509101_B23",9.34387683868408,-11.6556720733643
"HP1509101_C21",8.11055850982666,-10.7092943191528
"HP1509101_C22",3.86608195304871,7.7814302444458
"HP1509101_C23",5.87957525253296,-0.252046346664429
"HP1509101_D17",8.29053115844727,-10.7916774749756
"HP1509101_D18",5.97393178939819,0.328394651412964
"HP1509101_D19",3.36245274543762,7.83482456207275
"HP1509101_D22",4.67761421203613,1.28370416164398
"HP1509101_D23",7.97048234939575,-10.666446685791
"HP1509101_D5",3.54010796546936,7.83024740219116
"HP1509101_D8",3.55587959289551,7.84132671356201
"HP1509101_E19",3.54800748825073,7.8808650970459
"HP1509101_E22",6.0723237991333,-0.150393724441528
"HP1509101_E3",10.107048034668,-12.5659618377686
"HP1509101_E4",5.33279037475586,1.16489684581757
"HP1509101_F19",3.44073891639709,7.15604209899902
"HP1509101_F21",6.04266452789307,0.260546773672104
"HP1509101_F22",8.55604648590088,-11.1552171707153
"HP1509101_F23",16.868616104126,12.5466766357422
"HP1509101_F4",3.33934688568115,7.77157402038574
"HP1509101_F7",8.30539989471436,-11.0767250061035
"HP1509101_G16",3.53832650184631,7.62206077575684
"HP1509101_G18",3.12550497055054,7.49336814880371
"HP1509101_G19",3.49486756324768,7.81764793395996
"HP1509101_G9",5.91679668426514,-0.424227744340897
"HP1509101_H1",6.17534351348877,-0.0858680531382561
"HP1509101_H13",5.13462066650391,1.11921226978302
"HP1509101_H20",9.4911584854126,-11.8476371765137
"HP1509101_H21",3.17407512664795,7.86167192459106
"HP1509101_H22",3.56799721717834,7.82121133804321
"HP1509101_H23",3.44794249534607,7.74142742156982
"HP1509101_H7",5.45329475402832,0.986108839511871
"HP1509101_I10",3.04004979133606,7.49286270141602
"HP1509101_I12",7.93988370895386,-11.0759706497192
"HP1509101_I17",16.9635009765625,12.4423828125
"HP1509101_I21",3.70171236991882,7.85723495483398
"HP1509101_I23",3.32781410217285,7.72178792953491
"HP1509101_I5",3.01534581184387,7.54025316238403
"HP1509101_J12",3.65835905075073,7.60761070251465
"HP1509101_J15",3.54647898674011,7.61560440063477
"HP1509101_J16",5.15106678009033,0.991812765598297
"HP1509101_J19",6.02374887466431,-0.101545862853527
"HP1509101_J20",3.37320971488953,7.67024421691895
"HP1509101_J22",9.03023147583008,-11.7048463821411
"HP1509101_J23",8.35229206085205,-11.0510387420654
"HP1509101_J4",3.00333714485168,7.50365972518921
"HP1509101_J8",3.64657497406006,7.61019325256348
"HP1509101_J9",7.64530277252197,-11.0977697372437
"HP1509101_K10",7.58367443084717,-11.0238656997681
"HP1509101_K15",7.68341398239136,-10.8292379379272
"HP1509101_K19",8.54352188110352,-10.9742565155029
"HP1509101_K22",3.22865653038025,7.41251182556152
"HP1509101_K9",6.05133962631226,-0.207005098462105
"HP1509101_L11",3.48185586929321,7.71603488922119
"HP1509101_L13",8.40018081665039,-11.0913734436035
"HP1509101_L14",6.03598642349243,-0.120244570076466
"HP1509101_L16",8.22897148132324,-11.2449417114258
"HP1509101_L17",6.09565258026123,-0.166705787181854
"HP1509101_L19",5.849684715271,0.640456140041351
"HP1509101_L23",5.35076951980591,0.977787435054779
"HP1509101_L8",3.49096918106079,7.85222864151001
"HP1509101_M10",3.75430417060852,7.84264707565308
"HP1509101_M12",3.3682177066803,7.76843500137329
"HP1509101_N17",3.45862817764282,7.82171535491943
"HP1509101_N18",3.08594799041748,7.36823558807373
"HP1509101_N20",3.29438281059265,7.7655463218689
"HP1509101_N23",6.141197681427,0.122481733560562
"HP1509101_N9",3.51426553726196,7.89909648895264
"HP1509101_O1",5.05938339233398,1.10574305057526
"HP1509101_O13",3.17176127433777,7.79581737518311
"HP1509101_O14",7.87784910202026,-10.9529466629028
"HP1509101_O16",3.86876702308655,7.87193012237549
"HP1509101_O18",6.0108699798584,-0.103228732943535
"HP1509101_O4",5.56835079193115,1.16009080410004
"HP1509101_O7",3.47217798233032,7.80162239074707
"HP1509101_O9",3.49357891082764,7.32996082305908
"HP1509101_P12",5.58877849578857,1.10437560081482
"HP1509101_P17",7.85250568389893,-11.1193380355835
"HP1509101_P18",3.70029449462891,7.81903171539307
"HP1509101_P20",3.05947542190552,7.1904764175415
"HP1509101_P4",3.48884248733521,7.5952205657959
"HP1509101_P8",9.39231109619141,-11.8842630386353
"HP1509101_P9",8.24577808380127,-11.1547355651855
"HP1525301T2D_A1",7.5107855796814,-10.9024057388306
"HP1525301T2D_A11",3.59653615951538,7.85122060775757
"HP1525301T2D_A12",8.91781044006348,-11.5800704956055
"HP1525301T2D_A13",8.09329986572266,-11.2513446807861
"HP1525301T2D_A14",7.93242740631104,-11.1740951538086
"HP1525301T2D_A15",7.89249038696289,-11.0603771209717
"HP1525301T2D_A16",5.97821235656738,-0.251498997211456
"HP1525301T2D_A17",9.47705173492432,-12.0711355209351
"HP1525301T2D_A19",7.59291124343872,-11.1085453033447
"HP1525301T2D_A3",3.76374888420105,7.94373083114624
"HP1525301T2D_A5",3.51685214042664,7.84602355957031
"HP1525301T2D_A6",3.61195755004883,7.86058473587036
"HP1525301T2D_A7",5.88206911087036,0.043252345174551
"HP1525301T2D_A9",3.2697970867157,7.71795225143433
"HP1525301T2D_B1",2.98257064819336,7.06248903274536
"HP1525301T2D_B10",9.05030155181885,-11.7106428146362
"HP1525301T2D_B11",3.56514120101929,7.51373910903931
"HP1525301T2D_B13",3.42360758781433,7.79437446594238
"HP1525301T2D_B14",7.94024896621704,-10.6474628448486
"HP1525301T2D_B15",3.73785924911499,7.72428464889526
"HP1525301T2D_B18",3.26810050010681,7.80365991592407
"HP1525301T2D_B21",8.40655517578125,-10.9267845153809
"HP1525301T2D_B24",7.96886110305786,-11.4986352920532
"HP1525301T2D_B3",8.07758808135986,-11.2824373245239
"HP1525301T2D_B4",3.26763606071472,7.73454570770264
"HP1525301T2D_B5",5.99334001541138,0.0779960229992867
"HP1525301T2D_B7",3.43455672264099,7.63094329833984
"HP1525301T2D_B8",6.10087060928345,-0.127185881137848
"HP1525301T2D_C1",3.59541392326355,7.96266460418701
"HP1525301T2D_C10",3.65661454200745,7.88202524185181
"HP1525301T2D_C11",8.20065116882324,-10.3463907241821
"HP1525301T2D_C13",9.41191577911377,-11.8955183029175
"HP1525301T2D_C15",8.83837127685547,-11.2993984222412
"HP1525301T2D_C16",3.54404258728027,7.83990859985352
"HP1525301T2D_C17",8.92869567871094,-11.534628868103
"HP1525301T2D_C19",7.78925180435181,-10.7156686782837
"HP1525301T2D_C2",3.39877939224243,7.89046716690063
"HP1525301T2D_C21",8.65733528137207,-11.3807096481323
"HP1525301T2D_C22",8.10507297515869,-10.9905300140381
"HP1525301T2D_C24",8.36283302307129,-11.2113370895386
"HP1525301T2D_C3",8.02507781982422,-11.2834882736206
"HP1525301T2D_C4",7.78558778762817,-10.7592535018921
"HP1525301T2D_C5",3.47532296180725,7.69249486923218
"HP1525301T2D_C6",7.91456651687622,-10.9648542404175
"HP1525301T2D_C8",3.55729031562805,7.8654842376709
"HP1525301T2D_C9",8.45910167694092,-11.3995313644409
"HP1525301T2D_D1",9.82888793945312,-12.0950775146484
"HP1525301T2D_D11",3.35593318939209,7.88755035400391
"HP1525301T2D_D12",6.22364854812622,-0.185830861330032
"HP1525301T2D_D14",9.099196434021,-11.6525583267212
"HP1525301T2D_D15",8.61536598205566,-11.2077970504761
"HP1525301T2D_D19",5.99747848510742,-0.166088864207268
"HP1525301T2D_D2",7.67123508453369,-11.0598621368408
"HP1525301T2D_D22",8.25829601287842,-11.0568523406982
"HP1525301T2D_D23",6.0313835144043,-0.436191111803055
"HP1525301T2D_D3",9.23675346374512,-11.7423696517944
"HP1525301T2D_D4",7.95494890213013,-10.7716398239136
"HP1525301T2D_D8",7.90571546554565,-11.0919752120972
"HP1525301T2D_D9",3.15511965751648,7.56930160522461
"HP1525301T2D_E1",3.40036964416504,7.71321487426758
"HP1525301T2D_E11",10.253737449646,-12.7501621246338
"HP1525301T2D_E13",3.34388947486877,7.70687866210938
"HP1525301T2D_E15",9.50023937225342,-11.6820211410522
"HP1525301T2D_E16",3.30794978141785,7.77499008178711
"HP1525301T2D_E17",7.89797067642212,-10.6362762451172
"HP1525301T2D_E19",6.15687370300293,-0.0715193673968315
"HP1525301T2D_E22",3.60374212265015,7.15172672271729
"HP1525301T2D_E23",3.44994807243347,7.82069635391235
"HP1525301T2D_E3",6.167799949646,-0.048749890178442
"HP1525301T2D_E7",3.58304929733276,7.77323293685913
"HP1525301T2D_E8",3.46988987922668,7.82879972457886
"HP1525301T2D_F12",7.63997793197632,-11.0195302963257
"HP1525301T2D_F15",5.97685527801514,-0.471669167280197
"HP1525301T2D_F16",10.1704549789429,-12.5663719177246
"HP1525301T2D_F19",3.56520390510559,7.73656415939331
"HP1525301T2D_F2",2.93120884895325,7.11999988555908
"HP1525301T2D_F21",7.48979091644287,-11.0534763336182
"HP1525301T2D_F23",6.04739379882812,-0.368723720312119
"HP1525301T2D_F4",3.65404629707336,7.24573850631714
"HP1525301T2D_F8",7.78905773162842,-10.751368522644
"HP1525301T2D_G1",3.45979642868042,7.71120643615723
"HP1525301T2D_G10",8.49551391601562,-11.3380184173584
"HP1525301T2D_G11",3.39821767807007,7.74322271347046
"HP1525301T2D_G13",7.66058206558228,-10.9951114654541
"HP1525301T2D_G14",7.858078956604,-10.6044149398804
"HP1525301T2D_G15",3.56394505500793,7.88262701034546
"HP1525301T2D_G18",3.46548008918762,7.79200983047485
"HP1525301T2D_G19",2.91842889785767,7.3552451133728
"HP1525301T2D_G20",7.47662019729614,-10.9945802688599
"HP1525301T2D_G21",7.67037105560303,-11.1593294143677
"HP1525301T2D_G22",3.19684481620789,7.76488780975342
"HP1525301T2D_G23",6.14499044418335,-0.0974454805254936
"HP1525301T2D_G3",8.98612308502197,-11.7391757965088
"HP1525301T2D_G4",3.54697728157043,7.84739637374878
"HP1525301T2D_G5",7.91286993026733,-10.9365730285645
"HP1525301T2D_G8",6.00342893600464,-0.218129515647888
"HP1525301T2D_G9",8.16299533843994,-10.9549007415771
"HP1525301T2D_H1",7.68111038208008,-11.0327138900757
"HP1525301T2D_H10",8.89100646972656,-11.7069454193115
"HP1525301T2D_H11",7.93517732620239,-11.3473892211914
"HP1525301T2D_H12",3.33647274971008,7.809410572052
"HP1525301T2D_H14",7.77025032043457,-11.1336517333984
"HP1525301T2D_H16",7.80426597595215,-11.1572818756104
"HP1525301T2D_H17",7.54581212997437,-11.0458202362061
"HP1525301T2D_H18",7.78111600875854,-10.8771591186523
"HP1525301T2D_H19",3.33794260025024,7.7193865776062
"HP1525301T2D_H2",7.9665470123291,-10.7708921432495
"HP1525301T2D_H20",3.40433263778687,7.80751419067383
"HP1525301T2D_H23",3.60523462295532,7.79982280731201
"HP1525301T2D_H24",7.59849643707275,-10.7242975234985
"HP1525301T2D_H3",7.95097398757935,-10.9920263290405
"HP1525301T2D_H6",3.41193652153015,7.66936445236206
"HP1525301T2D_H7",3.61853528022766,7.92286491394043
"HP1525301T2D_I1",7.89468479156494,-11.2118005752563
"HP1525301T2D_I10",8.1954870223999,-11.230996131897
"HP1525301T2D_I12",3.39241576194763,7.73562717437744
"HP1525301T2D_I15",7.58320903778076,-10.9943218231201
"HP1525301T2D_I16",7.89912033081055,-10.6651372909546
"HP1525301T2D_I17",8.39360046386719,-10.7302551269531
"HP1525301T2D_I18",8.46159362792969,-11.1758508682251
"HP1525301T2D_I19",7.93188810348511,-11.2645130157471
"HP1525301T2D_I2",3.53661847114563,7.80646419525146
"HP1525301T2D_I21",3.81116533279419,7.74450492858887
"HP1525301T2D_I22",8.46526050567627,-11.2132749557495
"HP1525301T2D_I23",8.12216472625732,-11.2249746322632
"HP1525301T2D_I24",7.95281982421875,-10.9970111846924
"HP1525301T2D_I3",9.29398727416992,-11.8588266372681
"HP1525301T2D_I4",3.53914189338684,7.89668369293213
"HP1525301T2D_I5",3.46649432182312,7.79164695739746
"HP1525301T2D_I6",6.16877746582031,-0.405379831790924
"HP1525301T2D_I7",3.43823623657227,7.85341548919678
"HP1525301T2D_I8",8.00478649139404,-11.2397403717041
"HP1525301T2D_J1",3.33350110054016,7.74462699890137
"HP1525301T2D_J10",6.09820795059204,-0.241210877895355
"HP1525301T2D_J13",3.37729430198669,7.80931568145752
"HP1525301T2D_J14",3.70249772071838,7.54058694839478
"HP1525301T2D_J15",8.12574577331543,-10.9950847625732
"HP1525301T2D_J18",5.96724271774292,-0.379375100135803
"HP1525301T2D_J19",3.26555514335632,7.66270017623901
"HP1525301T2D_J2",3.35261654853821,7.27033615112305
"HP1525301T2D_J20",9.7993221282959,-12.2491912841797
"HP1525301T2D_J21",8.68528652191162,-11.4103336334229
"HP1525301T2D_J4",3.29568672180176,7.7734546661377
"HP1525301T2D_J7",7.65068054199219,-11.0327606201172
"HP1525301T2D_J8",3.47205543518066,7.82754993438721
"HP1525301T2D_J9",7.60159921646118,-11.1602754592896
"HP1525301T2D_K1",8.31099510192871,-10.6171827316284
"HP1525301T2D_K11",8.50284290313721,-11.1937990188599
"HP1525301T2D_K12",9.24715423583984,-11.8230514526367
"HP1525301T2D_K14",7.93032741546631,-10.8008031845093
"HP1525301T2D_K15",3.27724266052246,7.74420213699341
"HP1525301T2D_K16",8.00295162200928,-10.9404315948486
"HP1525301T2D_K17",8.01373291015625,-10.847936630249
"HP1525301T2D_K18",8.42492008209229,-11.2855157852173
"HP1525301T2D_K19",3.45233988761902,7.67340660095215
"HP1525301T2D_K2",7.80555009841919,-10.7664632797241
"HP1525301T2D_K21",8.61993217468262,-11.0935411453247
"HP1525301T2D_K22",3.37947726249695,7.56941175460815
"HP1525301T2D_K23",3.48014068603516,7.86473989486694
"HP1525301T2D_K3",3.25846409797668,7.41598606109619
"HP1525301T2D_K6",8.07001304626465,-11.3756704330444
"HP1525301T2D_L1",8.11031818389893,-10.6188936233521
"HP1525301T2D_L13",8.13215732574463,-10.7828559875488
"HP1525301T2D_L14",5.95974493026733,-0.473200380802155
"HP1525301T2D_L15",3.78918671607971,7.89185380935669
"HP1525301T2D_L16",7.77574062347412,-10.8101110458374
"HP1525301T2D_L17",5.8919882774353,-0.423272103071213
"HP1525301T2D_L2",8.90577507019043,-11.5976085662842
"HP1525301T2D_L20",7.90983772277832,-11.014349937439
"HP1525301T2D_L22",3.61270594596863,7.86173009872437
"HP1525301T2D_L23",8.50200843811035,-11.267186164856
"HP1525301T2D_L24",3.69078516960144,7.86214590072632
"HP1525301T2D_L4",8.31925582885742,-11.2475128173828
"HP1525301T2D_L6",8.31778335571289,-11.2689599990845
"HP1525301T2D_L9",3.60126900672913,7.84848165512085
"HP1525301T2D_M10",3.52809596061707,7.7567777633667
"HP1525301T2D_M11",7.8314528465271,-11.2118883132935
"HP1525301T2D_M12",7.57611751556396,-10.786283493042
"HP1525301T2D_M13",3.37884473800659,7.78016901016235
"HP1525301T2D_M15",7.72731256484985,-10.932785987854
"HP1525301T2D_M16",3.32971048355103,7.6601710319519
"HP1525301T2D_M17",6.14064931869507,-0.0200245995074511
"HP1525301T2D_M20",9.10269165039062,-11.8615388870239
"HP1525301T2D_M22",8.16346740722656,-11.3193044662476
"HP1525301T2D_M6",7.93443965911865,-10.6579093933105
"HP1525301T2D_M7",6.0908522605896,-0.25913742184639
"HP1525301T2D_M8",3.30079889297485,7.6927661895752
"HP1525301T2D_M9",8.18013668060303,-11.5880088806152
"HP1525301T2D_N1",7.71491241455078,-11.1221294403076
"HP1525301T2D_N11",9.12434387207031,-11.6294412612915
"HP1525301T2D_N12",7.83857583999634,-11.0892820358276
"HP1525301T2D_N13",3.70606970787048,7.75876617431641
"HP1525301T2D_N14",7.84607744216919,-10.7451171875
"HP1525301T2D_N16",8.18558025360107,-10.8354644775391
"HP1525301T2D_N18",6.03693437576294,-0.37025049328804
"HP1525301T2D_N20",9.87857913970947,-12.570481300354
"HP1525301T2D_N21",6.07415246963501,-0.182091146707535
"HP1525301T2D_N23",3.80168533325195,7.85541915893555
"HP1525301T2D_N24",3.52179312705994,7.85399293899536
"HP1525301T2D_N3",6.09744453430176,-0.534861445426941
"HP1525301T2D_N4",10.0535793304443,-12.5903329849243
"HP1525301T2D_N5",7.61492300033569,-11.0019063949585
"HP1525301T2D_N6",8.28765392303467,-11.1930894851685
"HP1525301T2D_N7",6.29849767684937,0.324834257364273
"HP1525301T2D_N8",3.535884141922,7.71649265289307
"HP1525301T2D_N9",3.96072030067444,7.83746767044067
"HP1525301T2D_O11",5.9332218170166,-0.265601813793182
"HP1525301T2D_O13",3.20865607261658,7.851158618927
"HP1525301T2D_O14",8.22281074523926,-11.1819925308228
"HP1525301T2D_O16",9.78623962402344,-12.2154760360718
"HP1525301T2D_O17",8.66940975189209,-11.4462184906006
"HP1525301T2D_O18",3.49200868606567,7.82111835479736
"HP1525301T2D_O2",4.97823143005371,-0.215354740619659
"HP1525301T2D_O20",9.45626449584961,-11.6952314376831
"HP1525301T2D_O22",7.88903570175171,-10.8989162445068
"HP1525301T2D_O23",8.94187545776367,-11.7470750808716
"HP1525301T2D_O24",7.70489025115967,-10.7135591506958
"HP1525301T2D_O5",3.23599314689636,7.70997142791748
"HP1525301T2D_O6",6.23656797409058,0.0738927349448204
"HP1525301T2D_O7",10.0471086502075,-12.706015586853
"HP1525301T2D_P1",7.55548763275146,-11.1554050445557
"HP1525301T2D_P11",3.64318203926086,7.77224779129028
"HP1525301T2D_P13",7.70062446594238,-10.8584718704224
"HP1525301T2D_P14",7.91858863830566,-10.8030738830566
"HP1525301T2D_P15",17.4700222015381,12.7426795959473
"HP1525301T2D_P17",3.45403170585632,7.69076681137085
"HP1525301T2D_P18",3.22303152084351,7.69925975799561
"HP1525301T2D_P19",7.4808087348938,-11.1124973297119
"HP1525301T2D_P2",9.3950366973877,-11.807954788208
"HP1525301T2D_P20",8.61245632171631,-11.226978302002
"HP1525301T2D_P21",8.55679225921631,-11.5890426635742
"HP1525301T2D_P22",3.37851858139038,7.9254264831543
"HP1525301T2D_P23",7.83446741104126,-11.1438302993774
"HP1525301T2D_P24",3.53157043457031,7.93055582046509
"HP1525301T2D_P4",8.63517951965332,-11.3060922622681
"HP1525301T2D_P5",7.85548496246338,-11.0021419525146
"HP1525301T2D_P6",3.66933012008667,7.47767925262451
"HP1525301T2D_P8",3.18828463554382,7.67212247848511
"HP1525301T2D_P9",3.42926645278931,7.77784872055054
"HP1526901T2D_A1",6.03515005111694,-0.375626891851425
"HP1526901T2D_A10",6.12092208862305,0.230082631111145
"HP1526901T2D_A11",7.96754550933838,-10.9533233642578
"HP1526901T2D_A12",6.1527886390686,-0.0922848582267761
"HP1526901T2D_A14",5.87093114852905,-0.610539376735687
"HP1526901T2D_A15",6.00918388366699,-0.362367272377014
"HP1526901T2D_A16",5.84611082077026,-0.170785516500473
"HP1526901T2D_A17",3.8862202167511,7.86431121826172
"HP1526901T2D_A19",5.87748527526855,-0.567921102046967
"HP1526901T2D_A2",5.73965215682983,-0.399479061365128
"HP1526901T2D_A20",5.91688013076782,-0.0975055918097496
"HP1526901T2D_A21",9.84642314910889,-12.7501583099365
"HP1526901T2D_A22",5.77725267410278,-0.466393291950226
"HP1526901T2D_A24",8.13191604614258,-11.1009950637817
"HP1526901T2D_A3",3.22356581687927,7.00941610336304
"HP1526901T2D_A4",6.1370153427124,-0.0163872521370649
"HP1526901T2D_A5",5.98362255096436,-0.566931903362274
"HP1526901T2D_A7",3.59285593032837,7.78921699523926
"HP1526901T2D_A8",3.41526174545288,7.76845026016235
"HP1526901T2D_A9",3.58259439468384,7.83739757537842
"HP1526901T2D_B1",5.91662359237671,-0.419304609298706
"HP1526901T2D_B10",5.93416213989258,-0.47592681646347
"HP1526901T2D_B11",3.54882025718689,7.43099641799927
"HP1526901T2D_B12",3.49809837341309,7.80718231201172
"HP1526901T2D_B13",6.04890871047974,-0.298963963985443
"HP1526901T2D_B14",3.43977165222168,7.86699104309082
"HP1526901T2D_B17",3.69571161270142,7.77769470214844
"HP1526901T2D_B18",5.89149522781372,-0.396244078874588
"HP1526901T2D_B20",3.44646024703979,7.74662208557129
"HP1526901T2D_B23",9.90408039093018,-12.4989223480225
"HP1526901T2D_B24",7.99768781661987,-10.9407167434692
"HP1526901T2D_B3",8.79349136352539,-11.5879535675049
"HP1526901T2D_B4",5.96512985229492,-0.239833921194077
"HP1526901T2D_B5",8.57646656036377,-11.1560516357422
"HP1526901T2D_B6",6.087571144104,-0.116059109568596
"HP1526901T2D_B7",5.8954005241394,-0.296398282051086
"HP1526901T2D_B9",6.02376127243042,-0.44345036149025
"HP1526901T2D_C1",5.96427345275879,-0.262968957424164
"HP1526901T2D_C10",5.96269655227661,-0.368701964616776
"HP1526901T2D_C11",6.00851678848267,-0.459857106208801
"HP1526901T2D_C13",6.04560804367065,0.139635413885117
"HP1526901T2D_C14",8.38971710205078,-11.26731300354
"HP1526901T2D_C15",5.89980173110962,-0.474844396114349
"HP1526901T2D_C16",3.38321304321289,7.8100152015686
"HP1526901T2D_C17",5.5988917350769,-0.492925852537155
"HP1526901T2D_C19",5.9936089515686,-0.505882799625397
"HP1526901T2D_C2",3.58266735076904,7.99639940261841
"HP1526901T2D_C20",8.26277446746826,-11.4321956634521
"HP1526901T2D_C22",8.18935012817383,-11.0367078781128
"HP1526901T2D_C23",8.51040840148926,-11.259069442749
"HP1526901T2D_C24",5.67507362365723,-0.337114751338959
"HP1526901T2D_C3",5.96431016921997,-0.438906103372574
"HP1526901T2D_C4",3.64829277992249,7.81732892990112
"HP1526901T2D_C6",3.67146968841553,7.82069396972656
"HP1526901T2D_D1",3.55116128921509,7.82966804504395
"HP1526901T2D_D10",6.15517473220825,-0.106564112007618
"HP1526901T2D_D12",8.13007926940918,-11.2578868865967
"HP1526901T2D_D14",6.22981786727905,0.0511710941791534
"HP1526901T2D_D16",3.54191112518311,7.71436738967896
"HP1526901T2D_D17",6.20939826965332,-0.425818562507629
"HP1526901T2D_D18",3.53473544120789,7.81730461120605
"HP1526901T2D_D19",5.85263061523438,-0.482818990945816
"HP1526901T2D_D2",9.33415508270264,-11.8424482345581
"HP1526901T2D_D21",5.90640735626221,-0.430498778820038
"HP1526901T2D_D22",8.42445850372314,-10.9801044464111
"HP1526901T2D_D24",4.60718727111816,1.35391592979431
"HP1526901T2D_D3",9.04272365570068,-11.7269268035889
"HP1526901T2D_D4",7.73096084594727,-10.9318313598633
"HP1526901T2D_D5",3.42193412780762,7.850182056427
"HP1526901T2D_D8",3.53037047386169,7.8210277557373
"HP1526901T2D_D9",3.52362656593323,7.85364055633545
"HP1526901T2D_E1",7.91911745071411,-10.6151456832886
"HP1526901T2D_E10",5.98907947540283,-0.155378475785255
"HP1526901T2D_E11",5.95247173309326,-0.395279556512833
"HP1526901T2D_E14",8.02995777130127,-11.2080183029175
"HP1526901T2D_E18",3.51113748550415,7.08963394165039
"HP1526901T2D_E19",6.02713060379028,-0.181356474757195
"HP1526901T2D_E2",5.88878011703491,-0.338122606277466
"HP1526901T2D_E20",6.06817817687988,-0.132664680480957
"HP1526901T2D_E21",6.13539743423462,-0.323918044567108
"HP1526901T2D_E22",8.55319881439209,-11.1226987838745
"HP1526901T2D_E23",8.49407196044922,-11.4584474563599
"HP1526901T2D_E3",5.93600177764893,-0.292576313018799
"HP1526901T2D_E4",6.00925493240356,-0.410109788179398
"HP1526901T2D_E5",6.09410762786865,-0.270611584186554
"HP1526901T2D_E6",3.27401304244995,7.82449722290039
"HP1526901T2D_E8",3.94817996025085,7.5775465965271
"HP1526901T2D_E9",8.31208610534668,-11.125054359436
"HP1526901T2D_F1",4.12061262130737,7.81028699874878
"HP1526901T2D_F10",3.46750712394714,7.89690685272217
"HP1526901T2D_F12",6.08796119689941,-0.414060801267624
"HP1526901T2D_F15",10.3802471160889,-12.7688941955566
"HP1526901T2D_F16",7.93307638168335,-11.2093601226807
"HP1526901T2D_F17",6.08050107955933,-0.478911727666855
"HP1526901T2D_F18",5.93487501144409,-0.350389659404755
"HP1526901T2D_F19",3.40727734565735,7.87011909484863
"HP1526901T2D_F2",3.6526951789856,7.52674579620361
"HP1526901T2D_F20",3.39817881584167,7.58408880233765
"HP1526901T2D_F21",3.55578684806824,7.8046989440918
"HP1526901T2D_F22",9.78828048706055,-12.479154586792
"HP1526901T2D_F23",6.10706186294556,-0.203042894601822
"HP1526901T2D_F24",7.93354225158691,-11.0772123336792
"HP1526901T2D_F3",3.58418440818787,7.91829252243042
"HP1526901T2D_F5",5.86580371856689,-0.489693850278854
"HP1526901T2D_F7",6.02886199951172,-0.0774528458714485
"HP1526901T2D_F8",10.0519742965698,-12.5573720932007
"HP1526901T2D_F9",3.50802731513977,7.89916038513184
"HP1526901T2D_G1",6.03815793991089,-0.24687522649765
"HP1526901T2D_G10",3.97512555122375,7.95163059234619
"HP1526901T2D_G13",3.31938529014587,7.74259519577026
"HP1526901T2D_G14",2.71085286140442,7.0601749420166
"HP1526901T2D_G16",3.71000099182129,7.86209201812744
"HP1526901T2D_G17",5.92020130157471,-0.499549597501755
"HP1526901T2D_G18",3.40200805664062,7.70324277877808
"HP1526901T2D_G19",6.22512435913086,0.0206877253949642
"HP1526901T2D_G2",5.90146970748901,-0.180460393428802
"HP1526901T2D_G21",-9.84722995758057,3.37872695922852
"HP1526901T2D_G22",8.4593391418457,-11.2241687774658
"HP1526901T2D_G23",6.11540222167969,0.0782364383339882
"HP1526901T2D_G24",7.88912391662598,-10.830997467041
"HP1526901T2D_G4",6.03142547607422,-0.439060091972351
"HP1526901T2D_G7",3.44374585151672,7.8410062789917
"HP1526901T2D_G8",3.49481868743896,7.79970502853394
"HP1526901T2D_G9",5.95826578140259,-0.389531403779984
"HP1526901T2D_H10",-9.24582767486572,2.05807328224182
"HP1526901T2D_H12",3.59790635108948,7.84390211105347
"HP1526901T2D_H16",6.16507577896118,-0.087869368493557
"HP1526901T2D_H17",3.70100212097168,7.8204140663147
"HP1526901T2D_H18",5.63229703903198,-0.470772951841354
"HP1526901T2D_H19",3.77685928344727,7.87927007675171
"HP1526901T2D_H20",5.88823413848877,-0.936034560203552
"HP1526901T2D_H21",8.30416011810303,-10.7924947738647
"HP1526901T2D_H22",5.51540231704712,-0.900977194309235
"HP1526901T2D_H23",6.06095170974731,-0.339210212230682
"HP1526901T2D_H24",5.93727540969849,-0.173822179436684
"HP1526901T2D_H3",6.13296413421631,-0.303656309843063
"HP1526901T2D_H4",5.99578428268433,-0.401977121829987
"HP1526901T2D_H5",8.38690948486328,-11.0086917877197
"HP1526901T2D_H6",3.52288675308228,7.89831829071045
"HP1526901T2D_H8",7.83919143676758,-10.8964147567749
"HP1526901T2D_H9",7.92076396942139,-10.6667652130127
"HP1526901T2D_I1",7.66066551208496,-10.9524688720703
"HP1526901T2D_I10",6.12364435195923,0.127299889922142
"HP1526901T2D_I11",6.065514087677,0.0909382775425911
"HP1526901T2D_I13",5.85168266296387,-0.648861050605774
"HP1526901T2D_I14",3.87494301795959,7.87887477874756
"HP1526901T2D_I15",3.45936369895935,7.80818700790405
"HP1526901T2D_I16",3.53635740280151,7.82537412643433
"HP1526901T2D_I18",5.84366655349731,-0.0434032045304775
"HP1526901T2D_I19",5.94493770599365,-0.284507662057877
"HP1526901T2D_I20",6.12734746932983,-0.476515650749207
"HP1526901T2D_I21",3.09340929985046,7.63321208953857
"HP1526901T2D_I22",5.8614764213562,-0.353241711854935
"HP1526901T2D_I24",6.06416797637939,-0.404204070568085
"HP1526901T2D_I3",6.09207439422607,-0.209937766194344
"HP1526901T2D_I4",3.50266766548157,7.85034799575806
"HP1526901T2D_I6",3.68857026100159,7.84770536422729
"HP1526901T2D_I7",3.17768001556396,7.68508243560791
"HP1526901T2D_I8",3.60351848602295,7.26379489898682
"HP1526901T2D_J1",6.09311628341675,-0.040919091552496
"HP1526901T2D_J11",10.217113494873,-12.6170225143433
"HP1526901T2D_J12",8.06821727752686,-11.0473670959473
"HP1526901T2D_J13",3.56127977371216,7.78810358047485
"HP1526901T2D_J14",3.17093205451965,7.50314617156982
"HP1526901T2D_J17",6.05585527420044,-0.409798890352249
"HP1526901T2D_J18",8.64020919799805,-11.2085819244385
"HP1526901T2D_J19",3.40235257148743,7.80141019821167
"HP1526901T2D_J2",6.18530893325806,0.124255403876305
"HP1526901T2D_J20",5.9334545135498,-0.407082378864288
"HP1526901T2D_J21",5.64635705947876,-0.963396847248077
"HP1526901T2D_J22",5.98888254165649,-0.115133635699749
"HP1526901T2D_J24",3.44499945640564,7.83503341674805
"HP1526901T2D_J3",9.98784160614014,-12.6331443786621
"HP1526901T2D_J4",3.58774089813232,7.89409112930298
"HP1526901T2D_J5",5.98937320709229,-0.43347841501236
"HP1526901T2D_J6",5.87256669998169,-0.405129969120026
"HP1526901T2D_J8",3.51635599136353,7.75512886047363
"HP1526901T2D_K1",7.8480658531189,-10.9694967269897
"HP1526901T2D_K10",3.56937980651855,7.79779148101807
"HP1526901T2D_K11",6.11477565765381,0.0902810469269753
"HP1526901T2D_K12",6.04143619537354,-0.255274027585983
"HP1526901T2D_K14",3.34415054321289,7.43121147155762
"HP1526901T2D_K15",3.56460094451904,7.87166309356689
"HP1526901T2D_K18",3.31001281738281,7.69061231613159
"HP1526901T2D_K19",7.70721435546875,-10.9901514053345
"HP1526901T2D_K2",3.73848986625671,7.47543287277222
"HP1526901T2D_K20",6.05384874343872,-0.168693155050278
"HP1526901T2D_K21",6.12392234802246,-0.141534268856049
"HP1526901T2D_K22",6.09076690673828,0.0343173369765282
"HP1526901T2D_K23",5.66265535354614,-0.603838503360748
"HP1526901T2D_K24",6.11995840072632,-0.0915273055434227
"HP1526901T2D_K3",5.9718165397644,-0.470435172319412
"HP1526901T2D_K4",7.56967687606812,-11.2041864395142
"HP1526901T2D_K6",3.42924165725708,7.83577394485474
"HP1526901T2D_K7",5.91578102111816,-0.481658577919006
"HP1526901T2D_L1",6.08862447738647,-0.405761390924454
"HP1526901T2D_L11",3.07912731170654,7.74683284759521
"HP1526901T2D_L12",6.09039497375488,-0.0148244872689247
"HP1526901T2D_L13",3.57331275939941,7.71591806411743
"HP1526901T2D_L14",5.96325302124023,-0.294580429792404
"HP1526901T2D_L16",3.54755711555481,7.71340703964233
"HP1526901T2D_L17",3.26960277557373,7.72490549087524
"HP1526901T2D_L19",3.67612338066101,7.64291763305664
"HP1526901T2D_L2",3.6026668548584,7.81045150756836
"HP1526901T2D_L21",3.62688302993774,7.86918497085571
"HP1526901T2D_L23",3.83778953552246,7.91754817962646
"HP1526901T2D_L24",6.00149154663086,0.111210264265537
"HP1526901T2D_L4",6.03469514846802,-0.183280512690544
"HP1526901T2D_L5",5.89764213562012,-0.477308094501495
"HP1526901T2D_L6",5.88980388641357,-0.597150444984436
"HP1526901T2D_L7",5.97908544540405,-0.212325513362885
"HP1526901T2D_M1",3.52340364456177,7.75540637969971
"HP1526901T2D_M14",10.4530563354492,-12.475661277771
"HP1526901T2D_M15",5.89047622680664,-0.433597266674042
"HP1526901T2D_M16",3.40252184867859,7.75331974029541
"HP1526901T2D_M19",5.99806928634644,0.353854447603226
"HP1526901T2D_M2",5.99233913421631,-0.500411927700043
"HP1526901T2D_M20",8.26113700866699,-11.0710573196411
"HP1526901T2D_M21",3.45542359352112,7.71657562255859
"HP1526901T2D_M22",6.04623413085938,-0.242296993732452
"HP1526901T2D_M23",3.50006198883057,7.76120615005493
"HP1526901T2D_M3",6.01804161071777,0.108645230531693
"HP1526901T2D_M4",3.48296785354614,7.9124059677124
"HP1526901T2D_M7",3.43410730361938,7.84361028671265
"HP1526901T2D_M8",8.50067520141602,-11.1337442398071
"HP1526901T2D_N1",6.1044979095459,-0.351664245128632
"HP1526901T2D_N10",3.50658535957336,7.71264123916626
"HP1526901T2D_N11",7.98839569091797,-10.7651557922363
"HP1526901T2D_N12",5.99961423873901,-0.463052928447723
"HP1526901T2D_N13",-10.5217237472534,2.87520432472229
"HP1526901T2D_N14",6.07938766479492,-0.0180184841156006
"HP1526901T2D_N15",3.52973461151123,7.74407434463501
"HP1526901T2D_N16",6.024977684021,-0.0461822003126144
"HP1526901T2D_N18",6.21416711807251,-0.301348626613617
"HP1526901T2D_N19",6.01498031616211,-0.354021579027176
"HP1526901T2D_N2",4.04633951187134,7.74151849746704
"HP1526901T2D_N20",6.05070018768311,0.258246570825577
"HP1526901T2D_N21",8.11367321014404,-10.6005897521973
"HP1526901T2D_N23",5.90747594833374,-0.736603975296021
"HP1526901T2D_N3",5.89320516586304,-0.605305731296539
"HP1526901T2D_N6",3.65254426002502,7.73701620101929
"HP1526901T2D_N8",3.40894746780396,7.59529876708984
"HP1526901T2D_N9",3.53297328948975,7.85093212127686
"HP1526901T2D_O1",5.86929178237915,-0.525058329105377
"HP1526901T2D_O10",6.02130603790283,-0.240677624940872
"HP1526901T2D_O13",6.07997560501099,-0.432073414325714
"HP1526901T2D_O14",5.78772497177124,-0.549371242523193
"HP1526901T2D_O15",5.88091516494751,-0.352637469768524
"HP1526901T2D_O17",5.98210048675537,-0.44397696852684
"HP1526901T2D_O21",3.2095627784729,7.72082471847534
"HP1526901T2D_O22",3.55610728263855,7.78427600860596
"HP1526901T2D_O23",3.58471584320068,7.77060508728027
"HP1526901T2D_O24",5.93952083587646,-0.442923218011856
"HP1526901T2D_O3",6.17403125762939,-0.0948338136076927
"HP1526901T2D_O4",8.27005195617676,-11.1541309356689
"HP1526901T2D_O5",7.62755584716797,-11.1339883804321
"HP1526901T2D_O6",3.38166332244873,7.89232873916626
"HP1526901T2D_O7",5.97637939453125,-0.227434873580933
"HP1526901T2D_O8",5.83451223373413,-0.552641272544861
"HP1526901T2D_O9",6.05277729034424,0.328937560319901
"HP1526901T2D_P1",3.66196703910828,7.90539598464966
"HP1526901T2D_P10",5.92701625823975,-0.620174705982208
"HP1526901T2D_P11",5.99284696578979,-0.645065665245056
"HP1526901T2D_P12",3.3301465511322,7.78140592575073
"HP1526901T2D_P14",3.59186601638794,7.84958124160767
"HP1526901T2D_P17",5.78744506835938,-0.304161190986633
"HP1526901T2D_P18",5.9055061340332,-0.615923821926117
"HP1526901T2D_P19",3.51315665245056,7.86474084854126
"HP1526901T2D_P2",3.07980608940125,7.77869367599487
"HP1526901T2D_P20",3.65830564498901,7.79696607589722
"HP1526901T2D_P21",3.67861318588257,7.81681823730469
"HP1526901T2D_P22",5.92407131195068,0.272183179855347
"HP1526901T2D_P23",6.06527948379517,-0.13471382856369
"HP1526901T2D_P4",6.04223680496216,-0.560289978981018
"HP1526901T2D_P7",5.54242897033691,-0.950616836547852
"HP1526901T2D_P9",5.95513725280762,-0.415925085544586
